sample,left_foot,right_foot
1,194.04,282.93
2,194.04,282.67
3,193.85,282.77
4,193.45,282.86
5,193.97,280.89
6,194.89,282.39
7,194.55,281.13
8,195.47,279.14
9,194.46,278.91
10,194.87,277.87
11,194.78,276.94
12,192.27,276.96
13,192.11,276.69
14,191.01,274.82
15,191.53,274.72
16,190.25,274.66
17,190.61,274.87
18,189.49,272.73
19,190.26,273.33
20,190.03,273.21
21,189.86,274.53
22,188.7,271.76
23,191.78,271.59
24,193.06,271.57
25,193.02,270.96
26,194.55,271.72
27,195.63,271.87
28,194.04,272.94
29,196.2,272.55
30,195.97,273.13
31,195.81,272.32
32,197.65,272.72
33,194.26,272.84
34,196.33,273.65
35,193.55,272.68
36,196.7,273.16
37,194.96,273.18
38,195.1,274.75
39,197.06,275.13
40,196.28,274.56
41,196.55,276.2
42,197.21,275.51
43,196.62,274.46
44,197.85,274.0
45,197.87,275.98
46,198.1,275.93
47,199.98,274.52
48,200.91,275.37
49,201.15,274.63
50,202.13,273.55
51,203.47,272.78
52,203.53,271.5
53,202.57,270.51
54,202.74,269.66
55,204.81,272.18
56,206.69,270.24
57,209.42,271.11
58,210.49,267.87
59,210.99,270.15
60,210.63,266.11
61,211.37,267.88
62,209.03,267.41
63,209.09,266.43
64,211.16,267.06
65,211.7,265.87
66,212.42,266.78
67,212.25,264.77
68,212.69,265.13
69,209.64,263.84
70,211.38,262.83
71,210.35,264.37
72,208.39,263.1
73,208.48,263.12
74,208.48,263.27
75,209.01,261.78
76,208.9,262.19
77,207.32,261.61
78,209.12,263.5
79,209.44,261.66
80,210.71,260.45
81,211.58,257.7
82,212.37,259.34
83,212.58,257.96
84,213.12,257.9
85,213.56,257.6
86,212.07,256.4
87,210.57,257.55
88,211.28,256.64
89,208.91,256.72
90,209.17,257.87
91,206.37,258.25
92,203.35,256.07
93,201.29,257.23
94,199.1,255.4
95,196.39,257.8
96,193.4,257.43
97,191.7,257.05
98,186.61,258.96
99,184.66,259.3
100,183.05,259.48
101,181.34,259.16
102,181.33,258.82
103,180.53,259.19
104,182.33,260.19
105,181.58,259.46
106,180.57,259.06
107,182.19,259.66
108,182.11,259.89
109,182.54,259.97
110,181.87,260.26
111,181.47,261.42
112,180.37,262.14
113,179.49,263.71
114,176.88,266.59
115,171.18,270.23
116,170.55,272.39
117,165.18,277.69
118,161.72,278.92
119,161.33,282.1
120,160.92,284.62
121,160.17,284.33
122,160.47,286.73
123,159.13,285.56
124,159.93,282.63
125,158.28,285.59
126,156.81,285.37
127,152.96,284.62
128,148.38,282.22
129,145.63,282.12
130,140.24,283.67
131,134.32,282.75
132,131.1,284.69
133,130.09,286.77
134,125.76,288.2
135,124.42,292.74
136,120.42,293.76
137,121.64,296.67
138,121.6,299.05
139,125.94,300.79
140,125.87,301.14
141,127.96,299.62
142,126.76,301.29
143,128.84,300.83
144,129.71,300.6
145,132.7,300.28
146,135.67,300.94
147,139.43,302.04
148,141.98,304.79
149,150.45,303.86
150,158.9,305.39
151,160.23,308.16
152,164.49,309.91
153,166.66,311.88
154,171.92,314.02
155,174.03,317.72
156,180.33,317.34
157,182.69,319.1
158,187.42,320.2
159,193.05,320.54
160,196.72,319.68
161,201.71,319.47
162,207.49,318.89
163,212.82,316.84
164,217.84,317.51
165,226.58,314.99
166,233.1,312.36
167,243.16,309.81
168,254.89,307.24
169,261.03,307.62
170,273.37,301.17
171,283.58,297.18
172,295.32,293.48
173,307.88,289.93
174,320.94,284.19
175,332.77,277.41
176,347.92,272.09
177,358.32,264.81
178,370.87,259.73
179,384.09,254.48
180,394.96,248.01
181,406.53,240.51
182,416.02,233.53
183,426.4,224.3
184,434.26,216.73
185,439.45,203.33
186,443.7,196.11
187,448.67,184.04
188,451.69,173.22
189,453.31,156.55
190,452.16,139.14
191,454.62,117.17
192,453.48,95.82
193,452.13,76.23
194,448.59,55.07
195,444.21,45.55
196,439.77,33.23
197,434.57,27.27
198,430.63,23.84
199,425.67,15.0
200,422.36,11.12
201,418.83,9.75
202,415.56,6.92
203,412.03,5.39
204,411.34,5.01
205,408.11,4.43
206,407.76,2.12
207,404.74,1.97
208,404.99,1.97
209,404.59,1.97
210,408.68,1.97
211,410.31,1.97
212,412.21,1.97
213,412.32,0.93
214,418.64,0.93
215,419.23,0.93
216,420.26,0.93
217,422.63,0.0
218,423.59,0.0
219,426.44,0.93
220,425.68,0.0
221,424.65,0.0
222,426.24,0.0
223,425.23,0.0
224,426.05,0.0
225,427.46,0.0
226,426.25,0.0
227,425.23,0.0
228,426.16,0.0
229,422.88,0.0
230,420.68,0.0
231,418.13,0.0
232,418.78,0.0
233,413.95,0.0
234,414.02,0.0
235,411.93,0.0
236,412.0,0.0
237,414.39,0.0
238,413.98,0.0
239,414.15,0.0
240,413.52,0.0
241,415.8,0.0
242,417.88,0.0
243,417.45,0.0
244,419.64,0.0
245,421.66,0.0
246,419.42,0.0
247,418.94,0.0
248,419.13,0.0
249,419.47,0.0
250,417.35,0.0
251,416.61,0.0
252,412.0,0.0
253,406.17,0.0
254,403.37,0.0
255,396.77,0.0
256,393.01,0.0
257,385.41,0.0
258,376.51,0.0
259,365.43,0.0
260,357.19,0.0
261,346.68,0.0
262,336.64,0.0
263,324.43,0.0
264,311.76,0.0
265,301.7,0.0
266,291.33,0.0
267,282.04,0.0
268,272.55,0.0
269,265.6,0.93
270,256.32,6.3
271,247.65,17.41
272,239.72,35.42
273,230.3,49.6
274,219.73,63.42
275,210.37,73.82
276,199.3,84.06
277,188.16,90.99
278,175.11,100.7
279,162.18,105.52
280,148.43,112.82
281,135.0,122.25
282,123.01,137.0
283,112.68,166.38
284,101.73,195.61
285,88.45,215.23
286,77.0,225.11
287,63.42,230.74
288,53.72,237.4
289,44.49,251.15
290,33.42,261.14
291,23.82,267.22
292,15.25,277.21
293,12.57,289.25
294,7.92,299.96
295,3.16,308.59
296,2.39,315.76
297,1.19,323.4
298,0.98,334.11
299,0.98,340.52
300,0.98,346.66
301,0.98,354.47
302,0.98,361.06
303,0.0,367.16
304,0.0,368.81
305,0.0,372.46
306,0.0,373.07
307,0.0,376.87
308,0.0,377.42
309,0.0,382.54
310,0.0,382.03
311,0.0,385.23
312,0.0,389.57
313,0.0,391.51
314,0.0,394.86
315,0.0,400.16
316,0.0,399.51
317,0.0,404.24
318,0.0,406.69
319,0.0,409.05
320,0.0,410.41
321,0.0,411.19
322,0.0,410.14
323,0.0,410.15
324,0.0,413.35
325,0.0,411.02
326,0.0,411.37
327,0.0,413.05
328,0.0,413.38
329,0.0,415.06
330,0.0,415.62
331,0.0,418.47
332,0.0,417.23
333,0.0,419.85
334,0.0,421.23
335,0.0,419.12
336,0.0,422.4
337,0.0,425.23
338,0.0,424.73
339,0.0,427.4
340,0.0,430.17
341,0.0,430.4
342,0.0,433.28
343,0.0,433.42
344,0.0,435.65
345,0.0,437.37
346,0.0,439.77
347,0.0,443.12
348,0.0,443.5
349,0.0,444.28
350,0.0,446.01
351,0.0,445.88
352,0.0,445.38
353,0.0,445.59
354,0.0,447.48
355,0.0,446.14
356,0.0,448.0
357,0.0,446.8
358,0.0,447.52
359,0.0,447.86
360,0.0,451.33
361,0.0,451.6
362,0.0,455.08
363,0.0,451.36
364,0.0,452.3
365,0.0,452.92
366,0.0,451.91
367,0.0,451.21
368,0.0,448.05
369,0.0,447.25
370,0.0,445.77
371,0.0,443.41
372,0.0,443.92
373,0.0,442.76
374,0.0,441.62
375,0.0,441.04
376,0.0,442.23
377,0.0,440.67
378,0.0,438.52
379,0.0,438.31
380,0.0,436.36
381,0.0,435.46
382,0.0,436.22
383,0.0,433.28
384,0.0,436.21
385,1.26,438.69
386,1.45,442.29
387,1.26,444.57
388,1.81,446.9
389,7.64,447.01
390,24.1,448.66
391,57.36,450.26
392,98.63,450.56
393,134.5,448.68
394,161.05,447.39
395,180.07,445.93
396,189.61,447.14
397,198.49,446.9
398,202.62,448.05
399,204.46,449.18
400,208.22,449.35
401,215.66,446.83
402,218.66,446.28
403,223.75,442.96
404,227.34,439.12
405,228.81,435.3
406,234.21,429.18
407,236.35,420.51
408,240.24,412.91
409,241.5,404.05
410,243.48,394.9
411,243.54,385.04
412,244.18,373.72
413,248.79,358.09
414,251.63,342.16
415,251.75,327.7
416,253.24,307.79
417,252.9,294.6
418,253.66,281.58
419,253.67,269.35
420,253.63,257.36
421,252.96,245.32
422,245.97,236.34
423,246.25,228.6
424,243.52,219.89
425,240.06,213.13
426,238.67,201.83
427,235.94,197.23
428,234.52,189.58
429,231.65,181.52
430,228.94,178.02
431,228.37,174.63
432,222.91,172.51
433,222.13,175.97
434,224.13,176.4
435,224.28,181.56
436,225.44,183.85
437,226.04,185.47
438,225.51,188.6
439,224.36,192.79
440,222.36,194.61
441,223.12,196.92
442,222.34,198.33
443,223.44,201.74
444,221.75,204.03
445,223.65,207.38
446,223.85,209.15
447,222.91,209.22
448,223.76,211.53
449,223.96,210.98
450,227.67,212.04
451,231.45,212.12
452,236.43,212.49
453,240.92,216.2
454,245.69,219.48
455,250.26,220.7
456,252.53,222.26
457,252.98,223.53
458,257.15,221.72
459,258.63,223.52
460,260.68,222.91
461,262.74,222.51
462,263.27,224.41
463,266.08,221.83
464,268.48,223.12
465,269.85,221.14
466,272.82,218.4
467,281.09,215.73
468,283.94,214.37
469,285.97,208.14
470,289.32,205.68
471,290.59,202.01
472,292.06,196.26
473,293.84,188.5
474,294.53,182.17
475,295.29,179.33
476,297.81,174.45
477,298.02,171.33
478,297.21,169.22
479,298.45,167.67
480,301.13,166.78
481,298.7,165.12
482,299.14,163.8
483,296.8,159.95
484,293.81,156.96
485,293.95,155.07
486,293.27,149.21
487,294.27,145.69
488,293.68,140.43
489,294.37,136.54
490,296.15,134.81
491,296.77,132.09
492,299.52,128.95
493,302.18,125.54
494,303.96,126.87
495,304.75,122.6
496,307.89,122.18
497,309.53,121.61
498,311.81,119.19
499,314.71,120.86
500,315.87,121.46
501,317.34,120.84
502,320.11,122.96
503,323.28,127.52
504,326.21,127.85
505,328.4,127.61
506,332.64,129.56
507,334.84,129.34
508,339.0,129.73
509,342.02,127.78
510,346.41,126.1
511,347.92,122.61
512,349.44,121.35
513,352.16,115.81
514,353.59,112.31
515,354.46,109.76
516,356.77,106.55
517,358.5,103.02
518,358.61,100.03
519,364.1,97.6
520,361.91,89.07
521,365.35,85.38
522,370.53,82.74
523,375.34,78.24
524,379.44,73.38
525,380.29,69.83
526,382.79,65.99
527,384.07,62.89
528,386.9,58.65
529,387.43,52.92
530,388.05,51.82
531,389.08,49.83
532,387.17,46.85
533,387.22,44.77
534,384.56,43.03
535,386.36,41.54
536,384.1,40.79
537,384.95,40.42
538,384.61,39.85
539,384.97,39.08
540,387.1,39.11
541,388.7,38.77
542,388.23,37.67
543,390.17,35.38
544,388.45,34.42
545,390.71,34.04
546,389.64,30.79
547,388.36,29.72
548,390.46,28.76
549,389.76,28.02
550,389.14,23.62
551,388.78,22.32
552,391.1,20.62
553,392.49,18.21
554,393.23,16.74
555,390.78,16.59
556,393.67,16.41
557,392.94,16.56
558,394.08,16.41
559,393.37,15.26
560,391.72,14.69
561,391.91,13.56
562,391.87,13.03
563,391.06,13.04
564,390.05,12.85
565,389.19,12.66
566,387.64,11.85
567,388.74,11.48
568,392.51,11.29
569,391.82,11.1
570,394.45,10.91
571,396.78,9.01
572,395.62,7.74
573,396.89,8.63
574,395.94,8.63
575,392.99,8.48
576,393.56,8.48
577,392.47,8.48
578,392.71,7.55
579,392.8,7.17
580,392.97,7.36
581,395.0,7.17
582,394.73,8.1
583,395.23,7.17
584,398.19,7.35
585,396.22,7.17
586,398.83,7.35
587,399.12,7.17
588,398.91,6.98
589,399.16,7.17
590,397.83,6.76
591,395.48,5.98
592,396.11,5.97
593,395.05,6.97
594,392.95,6.64
595,390.62,5.71
596,389.36,4.9
597,390.52,6.12
598,389.49,4.93
599,390.1,5.75
600,391.53,6.12
601,391.33,6.12
602,390.76,5.93
603,391.98,6.12
604,392.95,6.12
605,390.91,6.12
606,389.13,6.12
607,390.93,5.93
608,389.58,6.12
609,389.02,6.12
610,387.87,6.12
611,385.02,6.12
612,386.01,7.35
613,384.99,7.21
614,386.58,6.12
615,384.85,6.12
616,385.04,6.27
617,385.73,6.27
618,384.65,6.45
619,382.97,6.46
620,383.96,6.46
621,382.5,7.66
622,383.75,7.86
623,383.49,9.13
624,381.2,8.05
625,381.91,10.2
626,381.46,8.05
627,380.63,10.05
628,378.57,8.98
629,379.08,8.05
630,379.78,8.93
631,378.84,9.13
632,377.74,11.13
633,377.84,10.19
634,379.44,10.38
635,377.49,9.12
636,375.66,9.49
637,376.4,10.57
638,377.68,9.49
639,378.94,9.68
640,376.52,11.76
641,378.79,11.61
642,377.23,10.67
643,378.6,10.67
644,376.91,10.86
645,373.23,12.14
646,372.61,15.32
647,371.34,16.45
648,372.44,14.75
649,368.08,16.96
650,369.56,17.33
651,367.57,15.46
652,367.42,16.4
653,367.12,16.4
654,366.62,17.63
655,364.02,17.47
656,362.57,18.75
657,363.4,18.93
658,360.85,20.5
659,356.47,21.05
660,356.57,22.17
661,351.26,22.74
662,347.65,23.89
663,343.86,24.45
664,339.72,25.59
665,333.31,24.77
666,329.92,27.54
667,328.45,27.17
668,324.29,29.7
669,320.19,29.23
670,319.91,30.02
671,316.67,30.99
672,313.08,31.72
673,309.23,32.72
674,306.68,33.57
675,302.99,36.14
676,297.44,38.72
677,299.09,41.27
678,291.85,43.77
679,283.79,45.46
680,283.67,47.91
681,276.88,49.41
682,273.97,51.42
683,268.38,57.58
684,266.35,61.96
685,261.71,64.0
686,258.03,69.84
687,252.93,74.02
688,252.59,76.45
689,249.19,80.19
690,244.82,85.28
691,243.36,91.07
692,239.22,96.53
693,235.07,100.92
694,230.74,106.7
695,223.3,112.36
696,218.37,119.86
697,210.91,124.32
698,206.09,130.43
699,197.89,134.94
700,194.24,140.54
701,190.12,146.51
702,184.48,148.27
703,181.89,153.71
704,176.13,157.39
705,171.52,162.07
706,168.42,168.59
707,163.11,169.7
708,155.32,175.48
709,147.4,179.66
710,143.86,184.01
711,138.93,189.96
712,134.32,194.88
713,130.03,200.9
714,124.78,204.78
715,123.18,211.25
716,116.78,216.81
717,116.63,222.47
718,113.06,227.96
719,109.68,232.38
720,110.44,236.09
721,104.03,238.87
722,102.1,241.62
723,98.63,246.46
724,93.74,249.64
725,90.39,256.53
726,85.99,264.07
727,81.6,269.35
728,77.91,273.73
729,73.92,278.9
730,74.42,286.09
731,71.34,290.95
732,69.14,295.47
733,69.86,300.91
734,70.22,304.46
735,69.67,307.42
736,68.24,310.49
737,64.53,314.02
738,61.38,316.01
739,54.16,318.38
740,52.69,319.23
741,48.68,324.66
742,46.15,327.29
743,44.46,330.07
744,43.33,333.68
745,41.41,336.02
746,40.84,339.66
747,40.66,342.35
748,39.16,343.76
749,37.36,343.55
750,38.05,347.96
751,36.39,348.71
752,33.32,350.58
753,31.66,351.11
754,31.32,353.46
755,30.59,355.73
756,29.47,356.29
757,27.68,359.97
758,27.67,360.56
759,26.44,364.29
760,26.06,366.5
761,25.7,366.87
762,24.78,368.25
763,24.19,369.55
764,24.38,375.63
765,23.21,376.73
766,22.4,376.56
767,22.82,377.3
768,21.66,379.53
769,21.3,381.85
770,20.77,382.93
771,20.21,383.3
772,18.78,384.64
773,18.97,384.41
774,17.59,385.08
775,15.53,384.24
776,14.22,386.88
777,12.33,389.59
778,11.98,388.34
779,10.93,392.31
780,10.89,392.53
781,10.74,394.26
782,9.92,396.09
783,10.74,398.38
784,9.35,398.62
785,9.8,402.45
786,8.35,404.59
787,7.6,404.8
788,7.6,408.1
789,7.4,408.97
790,7.4,409.46
791,7.03,410.69
792,7.4,410.87
793,7.4,410.51
794,7.4,413.39
795,7.4,413.41
796,7.4,416.42
797,7.4,416.55
798,7.4,416.01
799,6.49,419.12
800,6.49,420.18
801,6.29,419.36
802,7.28,421.99
803,6.29,423.69
804,6.29,427.27
805,7.48,425.16
806,6.49,428.71
807,8.41,427.56
808,8.41,425.33
809,9.47,425.93
810,9.47,425.36
811,11.41,425.89
812,9.47,427.08
813,10.47,427.12
814,11.6,430.02
815,8.48,427.98
816,8.41,430.72
817,8.21,429.83
818,8.21,431.55
819,8.36,431.15
820,5.34,431.07
821,7.27,431.4
822,8.22,431.95
823,6.34,431.29
824,7.27,429.18
825,8.03,426.55
826,8.41,425.69
827,8.41,425.9
828,8.22,426.98
829,9.36,426.81
830,9.66,430.13
831,8.41,430.67
832,9.47,432.03
833,9.28,433.61
834,9.47,435.08
835,9.47,436.18
836,8.41,436.91
837,10.23,436.79
838,10.23,434.86
839,9.47,433.73
840,10.42,434.79
841,9.29,435.08
842,10.66,436.1
843,11.6,436.41
844,11.41,436.54
845,11.42,438.81
846,10.47,436.33
847,10.66,437.76
848,11.6,438.21
849,11.6,438.04
850,11.66,440.86
851,12.61,439.89
852,13.59,438.0
853,13.89,438.03
854,14.99,438.46
855,15.18,438.79
856,15.51,437.65
857,16.07,435.96
858,15.7,436.91
859,15.88,438.24
860,15.9,435.71
861,16.26,435.53
862,16.64,435.41
863,16.27,434.95
864,16.64,433.97
865,17.01,435.64
866,16.82,434.45
867,17.94,433.78
868,17.01,430.88
869,17.16,432.92
870,17.16,430.46
871,18.46,431.26
872,18.64,429.01
873,23.98,428.97
874,23.77,429.09
875,26.03,430.43
876,27.53,428.24
877,29.01,429.44
878,30.58,428.45
879,31.52,428.94
880,33.53,428.8
881,33.69,428.33
882,35.39,426.75
883,36.83,425.7
884,38.8,425.51
885,41.68,425.02
886,43.82,422.4
887,45.25,421.76
888,46.8,422.38
889,48.56,419.89
890,51.22,420.15
891,53.15,416.54
892,56.9,417.35
893,58.36,416.6
894,62.46,414.99
895,64.15,414.01
896,69.29,411.65
897,69.03,410.58
898,72.73,411.49
899,74.78,408.07
900,77.14,408.93
901,79.35,406.26
902,81.96,404.42
903,81.73,401.93
904,87.19,402.41
905,91.03,399.42
906,92.49,399.12
907,97.86,395.95
908,98.75,395.1
909,102.89,392.46
910,105.3,390.7
911,106.93,387.69
912,108.25,384.94
913,110.95,383.51
914,112.61,382.18
915,113.09,378.97
916,114.12,376.26
917,116.69,374.9
918,117.64,371.09
919,118.54,366.59
920,119.84,365.36
921,121.36,362.73
922,122.68,358.14
923,124.27,354.27
924,127.01,352.75
925,127.61,349.15
926,130.27,346.25
927,132.59,343.3
928,132.97,339.44
929,135.42,339.07
930,135.41,336.29
931,137.07,334.97
932,138.86,332.85
933,139.65,332.24
934,140.96,327.78
935,141.5,326.26
936,143.48,324.38
937,145.47,322.26
938,145.92,320.96
939,147.6,318.86
940,148.99,316.78
941,150.27,315.19
942,151.31,313.39
943,154.38,311.14
944,155.67,310.11
945,157.77,308.45
946,158.92,306.53
947,159.57,304.91
948,163.14,304.4
949,164.73,300.37
950,165.31,299.44
951,168.14,297.99
952,170.41,298.95
953,171.19,293.65
954,173.76,293.99
955,175.26,290.99
956,175.63,289.8
957,177.22,285.95
958,179.86,285.84
959,181.38,284.2
960,184.36,284.26
961,184.15,281.81
962,186.87,281.11
963,188.59,279.18
964,189.98,279.06
965,191.63,277.61
966,195.69,276.25
967,196.85,274.3
968,200.67,272.24
969,202.09,271.55
970,204.76,269.5
971,205.5,265.8
972,209.12,265.29
973,211.98,262.36
974,212.22,260.5
975,214.65,256.88
976,217.76,255.07
977,219.89,252.96
978,219.0,250.71
979,221.98,247.84
980,226.07,244.41
981,226.65,241.54
982,229.39,241.59
983,229.48,239.07
984,233.47,236.97
985,234.48,236.33
986,236.95,233.65
987,238.56,230.19
988,242.41,229.35
989,244.71,224.9
990,244.38,223.42
991,247.11,221.68
992,252.1,217.77
993,252.06,214.71
994,253.91,211.9
995,255.83,211.36
996,259.46,205.71
997,262.11,203.36
998,263.62,201.4
999,267.65,199.88
1000,269.08,197.16
1001,274.47,195.84
1002,277.91,193.98
1003,279.57,192.4
1004,283.32,189.44
1005,285.17,187.99
1006,288.72,187.61
1007,291.64,183.58
1008,293.03,181.21
1009,295.7,179.1
1010,299.34,175.9
1011,300.26,174.53
1012,303.47,170.18
1013,306.47,164.96
1014,307.99,161.37
1015,312.58,159.73
1016,315.48,152.08
1017,314.87,151.1
1018,320.45,145.59
1019,323.44,140.45
1020,323.95,136.21
1021,324.18,129.64
1022,325.35,126.53
1023,327.06,121.67
1024,328.19,117.25
1025,330.23,109.72
1026,332.19,104.65
1027,334.96,99.93
1028,336.88,95.3
1029,338.1,89.81
1030,340.46,87.54
1031,341.55,80.36
1032,342.54,77.67
1033,343.12,72.56
1034,345.01,65.44
1035,344.6,64.74
1036,344.22,62.2
1037,344.35,58.69
1038,344.53,56.77
1039,345.95,54.36
1040,345.67,50.39
1041,344.41,51.05
1042,344.75,48.52
1043,345.38,48.81
1044,346.21,46.07
1045,345.92,44.28
1046,347.51,42.31
1047,347.01,41.02
1048,347.71,38.23
1049,349.26,37.68
1050,348.56,37.67
1051,345.94,37.11
1052,346.5,33.74
1053,344.53,33.75
1054,344.46,30.46
1055,345.11,30.28
1056,344.54,29.89
1057,346.75,30.27
1058,345.46,30.09
1059,346.87,29.9
1060,346.32,30.09
1061,347.5,29.71
1062,350.52,29.32
1063,351.24,29.13
1064,350.62,28.03
1065,353.89,27.84
1066,354.01,27.28
1067,354.51,27.27
1068,354.03,27.46
1069,355.2,27.47
1070,355.14,27.65
1071,355.38,27.65
1072,353.85,28.04
1073,354.68,27.65
1074,353.85,28.22
1075,353.83,27.85
1076,357.22,28.38
1077,356.59,28.39
1078,359.11,28.39
1079,360.73,28.2
1080,363.86,28.58
1081,364.03,28.38
1082,367.05,29.32
1083,365.65,29.51
1084,365.96,28.07
1085,366.71,28.23
1086,366.08,26.61
1087,367.28,27.27
1088,366.72,26.21
1089,366.53,25.02
1090,365.33,25.87
1091,366.48,26.21
1092,367.49,24.64
1093,371.58,24.78
1094,370.37,24.83
1095,370.93,24.44
1096,374.05,24.98
1097,373.66,25.64
1098,377.7,24.44
1099,378.36,24.26
1100,381.48,24.07
1101,381.46,22.95
1102,382.39,22.96
1103,381.83,22.41
1104,382.81,21.84
1105,382.33,22.02
1106,381.56,21.84
1107,382.24,21.46
1108,383.81,21.46
1109,382.5,21.46
1110,384.86,21.46
1111,383.69,21.26
1112,386.37,21.46
1113,388.34,20.34
1114,387.74,21.27
1115,388.58,21.08
1116,390.29,21.26
1117,392.16,21.08
1118,393.29,19.76
1119,393.52,20.5
1120,395.06,20.5
1121,393.1,20.31
1122,393.79,20.33
1123,396.96,19.16
1124,395.56,19.16
1125,393.71,18.99
1126,395.62,18.99
1127,393.36,18.23
1128,393.08,17.5
1129,393.48,18.8
1130,393.06,18.81
1131,392.45,18.26
1132,393.71,19.14
1133,394.52,18.62
1134,395.16,18.96
1135,397.41,17.83
1136,395.74,17.82
1137,396.54,17.39
1138,393.79,18.81
1139,394.95,18.62
1140,390.58,17.63
1141,393.87,17.63
1142,392.69,17.25
1143,393.04,16.69
1144,389.7,18.81
1145,389.16,17.63
1146,387.86,18.62
1147,387.57,18.62
1148,385.82,18.81
1149,386.73,19.0
1150,386.46,19.19
1151,385.04,19.56
1152,387.63,19.75
1153,386.14,20.53
1154,386.08,20.69
1155,386.14,20.84
1156,384.18,21.03
1157,383.91,21.08
1158,381.74,21.83
1159,381.73,21.6
1160,380.48,21.64
1161,379.39,21.26
1162,377.65,22.58
1163,377.1,22.39
1164,376.22,21.64
1165,375.2,22.58
1166,373.29,22.91
1167,374.82,22.97
1168,372.18,24.6
1169,370.0,24.8
1170,369.63,26.05
1171,368.96,26.61
1172,367.23,28.4
1173,366.53,28.78
1174,365.97,28.97
1175,362.41,29.73
1176,359.99,30.29
1177,359.01,31.67
1178,358.17,30.83
1179,356.08,32.73
1180,354.02,34.69
1181,354.93,34.27
1182,349.28,36.75
1183,348.27,36.94
1184,345.4,38.86
1185,341.62,39.49
1186,343.48,40.06
1187,341.05,41.32
1188,338.24,41.49
1189,341.3,42.26
1190,336.52,43.4
1191,334.23,43.57
1192,332.6,44.33
1193,332.6,45.67
1194,331.24,46.43
1195,329.5,47.57
1196,325.75,49.66
1197,326.69,50.43
1198,322.86,54.18
1199,320.92,55.72
1200,319.72,56.25
1201,317.33,60.69
1202,317.46,60.37
1203,315.92,63.62
1204,314.84,64.16
1205,312.58,64.75
1206,310.65,65.62
1207,309.87,68.85
1208,307.16,71.34
1209,305.02,74.21
1210,303.18,77.35
1211,301.26,77.92
1212,299.57,79.61
1213,298.81,83.36
1214,294.42,87.24
1215,293.98,88.21
1216,291.83,89.56
1217,290.22,91.13
1218,288.27,94.98
1219,285.16,97.39
1220,285.26,101.77
1221,283.38,101.95
1222,279.92,104.18
1223,278.24,107.95
1224,276.74,108.35
1225,275.1,111.24
1226,272.2,115.06
1227,269.36,117.13
1228,266.38,120.88
1229,263.89,122.95
1230,260.07,125.35
1231,258.63,130.55
1232,256.47,134.9
1233,254.12,135.65
1234,252.74,139.78
1235,248.63,144.14
1236,247.98,146.38
1237,245.82,148.17
1238,244.85,151.5
1239,242.62,156.41
1240,242.85,154.62
1241,239.93,159.56
1242,235.34,161.04
1243,234.29,163.97
1244,230.2,166.0
1245,228.43,169.78
1246,225.37,173.42
1247,222.5,175.07
1248,219.42,178.53
1249,216.54,182.07
1250,213.53,184.18
1251,212.15,186.14
1252,208.72,188.7
1253,207.42,192.24
1254,206.4,195.23
1255,204.09,198.25
1256,202.62,196.67
1257,200.58,198.39
1258,197.02,201.3
1259,193.77,206.88
1260,191.2,209.2
1261,189.39,209.92
1262,187.38,212.46
1263,183.36,215.03
1264,177.12,218.23
1265,172.63,221.0
1266,164.39,225.82
1267,159.15,225.26
1268,153.39,227.93
1269,149.02,230.78
1270,145.43,235.13
1271,138.34,236.42
1272,135.94,239.88
1273,135.38,242.57
1274,131.41,244.7
1275,127.3,247.26
1276,125.61,249.26
1277,122.68,252.28
1278,118.3,253.44
1279,115.92,254.99
1280,108.97,257.07
1281,105.1,260.39
1282,99.06,260.94
1283,93.84,266.91
1284,90.04,270.5
1285,85.75,272.76
1286,82.04,275.07
1287,79.61,277.78
1288,78.12,281.47
1289,75.43,286.73
1290,75.28,288.92
1291,74.33,293.52
1292,74.14,298.91
1293,72.45,302.33
1294,71.01,306.86
1295,68.67,309.72
1296,68.32,312.56
1297,67.61,317.85
1298,67.01,323.62
1299,66.46,327.54
1300,65.71,330.39
1301,64.6,332.11
1302,64.61,335.87
1303,64.25,339.27
1304,64.04,340.49
1305,65.01,342.45
1306,64.42,345.02
1307,66.34,347.32
1308,67.96,347.33
1309,70.2,349.77
1310,70.12,349.01
1311,74.49,350.63
1312,77.62,352.06
1313,80.58,352.08
1314,82.22,354.24
1315,84.06,355.61
1316,86.19,355.45
1317,85.39,356.23
1318,87.66,354.72
1319,89.39,355.91
1320,88.4,356.03
1321,89.96,355.65
1322,89.92,355.71
1323,90.91,356.49
1324,91.06,356.91
1325,90.9,355.46
1326,89.13,355.04
1327,91.08,354.95
1328,89.38,355.13
1329,88.01,351.55
1330,86.72,351.06
1331,85.19,350.25
1332,83.53,348.41
1333,81.01,348.59
1334,78.03,346.65
1335,77.86,344.44
1336,74.57,343.91
1337,73.66,341.17
1338,70.13,341.13
1339,67.55,339.65
1340,65.04,340.18
1341,62.34,339.7
1342,59.49,341.82
1343,57.67,342.04
1344,55.09,342.1
1345,51.63,341.72
1346,48.98,343.35
1347,46.56,344.22
1348,43.47,345.36
1349,41.37,345.63
1350,38.8,346.81
1351,39.1,348.43
1352,34.61,349.98
1353,32.78,353.1
1354,29.82,355.5
1355,29.98,358.26
1356,28.37,360.98
1357,25.93,364.99
1358,23.33,371.8
1359,22.95,375.96
1360,19.92,380.93
1361,19.34,382.53
1362,18.82,384.68
1363,18.63,386.62
1364,16.74,389.97
1365,17.5,391.44
1366,15.58,393.57
1367,16.34,393.95
1368,14.84,397.17
1369,11.75,400.29
1370,12.75,402.15
1371,12.57,405.14
1372,10.57,408.38
1373,10.57,410.94
1374,9.52,412.42
1375,8.12,415.6
1376,7.26,417.33
1377,7.07,418.8
1378,7.07,419.12
1379,6.14,418.12
1380,6.88,419.39
1381,6.14,421.25
1382,3.71,421.67
1383,4.78,422.96
1384,3.71,425.72
1385,3.71,425.0
1386,3.71,424.97
1387,3.71,426.47
1388,3.71,427.2
1389,2.66,427.51
1390,3.71,425.79
1391,2.66,427.86
1392,2.66,428.83
1393,3.77,427.88
1394,3.71,427.84
1395,3.71,429.02
1396,4.8,430.17
1397,3.71,429.88
1398,3.6,428.21
1399,4.82,429.31
1400,3.77,429.09
1401,3.77,429.8
1402,4.8,428.36
1403,5.79,427.98
1404,4.71,429.19
1405,5.77,427.88
1406,5.77,427.21
1407,4.71,427.54
1408,6.85,427.03
1409,5.77,426.11
1410,5.77,426.64
1411,4.82,425.33
1412,7.86,427.18
1413,10.09,426.82
1414,10.09,427.89
1415,11.09,426.34
1416,11.66,426.38
1417,12.89,426.48
1418,13.11,427.4
1419,15.31,427.68
1420,15.49,427.31
1421,16.2,428.3
1422,16.58,426.33
1423,16.77,425.86
1424,16.97,426.12
1425,16.97,425.95
1426,18.27,424.85
1427,19.53,424.52
1428,21.09,424.17
1429,22.13,422.6
1430,25.15,422.32
1431,25.73,421.8
1432,26.67,421.51
1433,28.93,419.94
1434,32.43,419.55
1435,33.77,419.72
1436,34.38,417.84
1437,37.65,418.66
1438,38.68,418.1
1439,42.47,417.71
1440,42.39,417.8
1441,43.99,417.23
1442,44.73,417.05
1443,46.88,413.66
1444,47.76,412.88
1445,49.05,410.33
1446,50.19,411.76
1447,52.44,410.71
1448,54.88,407.6
1449,57.59,406.57
1450,59.12,405.8
1451,60.43,406.01
1452,61.36,403.97
1453,61.07,401.99
1454,63.35,401.49
1455,64.5,399.75
1456,65.2,398.12
1457,66.37,395.9
1458,67.36,393.52
1459,70.11,391.24
1460,72.36,391.6
1461,73.86,388.2
1462,74.62,385.79
1463,75.6,384.49
1464,76.89,384.48
1465,78.86,383.4
1466,79.13,382.48
1467,80.9,382.4
1468,83.15,381.16
1469,84.2,381.72
1470,85.31,379.11
1471,86.44,376.86
1472,87.9,376.07
1473,88.3,373.19
1474,89.02,373.86
1475,90.56,371.26
1476,92.36,369.02
1477,93.06,369.25
1478,94.35,367.99
1479,94.77,365.34
1480,95.88,366.11
1481,96.23,365.01
1482,98.66,362.98
1483,99.63,361.41
1484,100.32,361.28
1485,101.44,360.65
1486,101.99,358.51
1487,104.45,358.18
1488,105.77,355.57
1489,107.09,352.62
1490,106.9,352.29
1491,109.1,350.28
1492,110.77,346.82
1493,111.61,346.31
1494,114.06,346.49
1495,113.7,343.33
1496,115.95,343.58
1497,119.86,343.51
1498,118.2,341.93
1499,117.86,342.25
1500,121.31,344.01
1501,123.02,339.89
1502,123.02,338.11
1503,122.96,338.39
1504,126.9,336.99
1505,128.14,335.4
1506,128.67,334.88
1507,130.02,333.51
1508,131.57,330.75
1509,133.08,328.32
1510,134.6,326.98
1511,135.5,324.75
1512,136.33,325.21
1513,138.23,320.14
1514,140.28,321.28
1515,141.18,319.57
1516,142.61,319.51
1517,143.86,316.11
1518,145.81,316.52
1519,147.37,314.92
1520,147.35,315.13
1521,148.52,314.36
1522,151.5,313.23
1523,153.15,310.41
1524,156.77,308.26
1525,159.1,309.01
1526,160.03,304.98
1527,161.91,304.2
1528,164.21,303.73
1529,168.1,300.95
1530,170.18,299.79
1531,173.11,300.44
1532,174.59,297.52
1533,176.58,297.95
1534,179.44,297.43
1535,181.72,293.49
1536,183.4,294.08
1537,186.94,291.61
1538,189.97,289.36
1539,190.52,287.82
1540,192.43,286.14
1541,196.56,282.99
1542,201.07,281.69
1543,202.93,279.14
1544,205.06,273.35
1545,208.41,272.96
1546,212.91,270.42
1547,216.98,269.06
1548,219.35,266.29
1549,223.51,264.08
1550,226.38,261.77
1551,225.87,260.63
1552,227.99,258.75
1553,231.13,256.56
1554,232.57,255.81
1555,235.35,251.95
1556,237.27,251.71
1557,242.03,248.7
1558,243.36,244.8
1559,245.39,241.97
1560,249.39,237.18
1561,252.37,235.46
1562,254.49,232.53
1563,256.96,229.28
1564,261.03,228.37
1565,263.9,224.88
1566,267.43,222.8
1567,271.69,220.8
1568,271.91,220.09
1569,276.93,217.27
1570,280.21,216.34
1571,283.24,212.45
1572,284.59,210.3
1573,288.66,210.25
1574,289.27,205.98
1575,294.22,203.54
1576,296.37,198.99
1577,305.59,196.48
1578,307.0,192.21
1579,312.97,189.81
1580,313.55,184.09
1581,319.87,182.36
1582,324.83,177.03
1583,326.77,173.11
1584,327.63,170.9
1585,330.67,166.22
1586,332.43,161.63
1587,334.5,157.96
1588,335.67,153.93
1589,337.48,150.6
1590,339.3,145.45
1591,339.65,142.41
1592,342.48,139.55
1593,345.24,135.36
1594,344.26,132.24
1595,347.67,129.57
1596,349.89,124.24
1597,351.97,118.03
1598,354.41,112.85
1599,356.8,102.58
1600,359.32,102.01
1601,360.1,95.34
1602,360.91,90.94
1603,360.13,85.87
1604,361.56,82.62
1605,361.95,78.87
1606,360.5,75.15
1607,361.84,72.58
1608,361.73,67.05
1609,361.79,64.6
1610,362.93,59.71
1611,359.8,58.62
1612,362.84,54.49
1613,364.61,51.84
1614,364.95,48.19
1615,362.53,45.88
1616,362.51,43.21
1617,364.2,40.24
1618,362.85,37.92
1619,363.55,37.2
1620,362.75,35.07
1621,362.34,33.58
1622,361.24,30.82
1623,360.69,28.38
1624,362.67,27.1
1625,363.09,25.98
1626,362.28,26.01
1627,364.19,24.82
1628,363.22,24.48
1629,364.46,23.68
1630,366.16,23.85
1631,365.66,24.46
1632,365.53,23.49
1633,367.52,23.68
1634,365.65,23.49
1635,364.43,23.3
1636,364.65,23.3
1637,363.52,23.3
1638,361.52,23.11
1639,362.26,23.3
1640,362.58,23.3
1641,362.31,22.37
1642,363.9,23.11
1643,363.63,23.15
1644,362.75,23.29
1645,362.78,22.57
1646,362.55,23.47
1647,360.1,23.47
1648,362.1,22.37
1649,359.52,23.1
1650,359.03,22.22
1651,356.23,22.36
1652,358.39,21.43
1653,355.6,23.3
1654,356.07,22.72
1655,354.87,23.66
1656,355.14,25.23
1657,355.49,25.59
1658,354.4,27.53
1659,354.48,28.12
1660,353.87,28.89
1661,354.57,27.53
1662,353.88,27.55
1663,353.41,28.13
1664,352.43,27.93
1665,349.4,28.13
1666,348.36,28.12
1667,348.47,28.5
1668,347.31,29.84
1669,347.05,30.61
1670,346.63,30.95
1671,346.34,32.6
1672,347.71,33.54
1673,345.82,33.75
1674,346.85,35.83
1675,347.79,36.39
1676,347.7,35.03
1677,348.54,34.83
1678,348.86,36.21
1679,349.99,35.59
1680,348.78,38.03
1681,350.46,35.98
1682,347.86,37.84
1683,349.51,39.02
1684,346.74,42.49
1685,345.73,42.45
1686,345.12,42.13
1687,343.05,46.76
1688,343.76,46.34
1689,342.88,48.45
1690,343.09,47.88
1691,341.03,49.54
1692,343.53,50.22
1693,341.77,51.48
1694,342.55,51.5
1695,343.24,50.11
1696,341.15,51.34
1697,343.68,50.09
1698,343.26,50.77
1699,341.18,50.76
1700,342.19,52.2
1701,341.12,52.4
1702,340.24,51.98
1703,341.44,51.53
1704,340.55,51.72
1705,340.72,52.3
1706,341.49,54.08
1707,341.77,55.3
1708,342.54,55.66
1709,344.86,55.68
1710,342.84,56.89
1711,343.71,56.53
1712,345.16,55.81
1713,343.99,55.87
1714,344.71,57.07
1715,344.58,55.89
1716,346.52,55.5
1717,346.5,55.48
1718,345.37,55.42
1719,346.67,55.82
1720,346.9,55.81
1721,348.96,56.73
1722,348.38,56.0
1723,347.43,56.95
1724,348.08,58.06
1725,348.6,59.5
1726,349.43,59.9
1727,349.52,59.85
1728,350.22,60.06
1729,351.14,61.1
1730,350.59,62.63
1731,351.22,60.43
1732,349.97,59.93
1733,350.36,57.62
1734,351.5,58.71
1735,350.41,61.09
1736,349.64,57.49
1737,348.68,58.71
1738,349.69,57.65
1739,350.14,57.49
1740,350.84,58.31
1741,350.2,56.28
1742,348.84,58.32
1743,350.73,57.23
1744,351.23,57.68
1745,352.68,54.57
1746,352.24,54.43
1747,353.21,54.05
1748,355.47,56.53
1749,354.75,53.29
1750,355.1,52.07
1751,356.16,53.49
1752,356.67,52.07
1753,355.82,51.89
1754,353.6,52.72
1755,355.33,50.75
1756,355.01,50.75
1757,355.02,51.49
1758,354.59,51.88
1759,354.75,51.73
1760,355.59,53.15
1761,356.82,51.7
1762,357.44,53.48
1763,357.98,53.29
1764,359.44,52.67
1765,359.25,51.87
1766,360.86,52.89
1767,360.77,51.54
1768,362.32,51.39
1769,363.44,51.21
1770,361.9,48.89
1771,364.02,48.18
1772,364.55,48.72
1773,363.11,50.86
1774,363.07,48.52
1775,366.41,49.99
1776,365.0,49.09
1777,366.05,51.03
1778,365.39,50.21
1779,365.95,48.89
1780,366.18,51.42
1781,368.47,51.6
1782,368.51,48.89
1783,368.56,48.32
1784,368.36,49.36
1785,366.72,47.75
1786,367.68,48.79
1787,368.7,47.4
1788,368.08,46.13
1789,367.76,47.42
1790,368.13,46.55
1791,365.32,47.03
1792,365.2,46.28
1793,366.02,45.21
1794,368.31,45.52
1795,367.98,45.23
1796,368.66,44.08
1797,366.84,44.07
1798,368.88,43.01
1799,369.35,40.4
1800,368.83,40.22
1801,367.79,40.21
1802,368.05,41.06
1803,365.08,39.14
1804,366.37,39.65
1805,365.45,37.78
1806,363.56,39.46
1807,364.62,37.21
1808,363.06,38.93
1809,360.61,39.14
1810,363.3,37.05
1811,362.57,38.36
1812,362.14,37.05
1813,361.62,39.65
1814,361.44,39.45
1815,360.89,39.31
1816,361.8,38.21
1817,360.0,37.24
1818,361.37,37.24
1819,359.2,37.24
1820,359.01,37.2
1821,355.5,37.24
1822,356.35,37.43
1823,354.56,37.58
1824,354.32,39.88
1825,353.95,41.38
1826,353.06,40.95
1827,352.74,41.9
1828,351.39,43.29
1829,351.61,41.4
1830,350.16,45.15
1831,350.18,43.6
1832,348.17,44.72
1833,346.38,45.49
1834,346.49,44.2
1835,344.62,47.09
1836,343.52,46.9
1837,342.55,45.68
1838,339.6,46.9
1839,338.29,46.61
1840,338.8,47.82
1841,336.74,48.2
1842,335.83,48.39
1843,333.63,49.14
1844,333.76,49.53
1845,330.8,51.63
1846,331.43,51.99
1847,331.21,52.38
1848,330.48,53.08
1849,329.11,54.14
1850,326.54,54.7
1851,326.13,56.13
1852,324.96,56.9
1853,323.18,59.25
1854,321.37,56.94
1855,321.16,62.31
1856,317.16,62.63
1857,317.21,67.71
1858,316.31,67.56
1859,314.39,68.03
1860,314.17,73.26
1861,313.79,73.3
1862,311.64,74.85
1863,310.94,75.84
1864,308.3,76.21
1865,306.39,79.25
1866,306.94,79.63
1867,306.02,80.72
1868,305.91,82.11
1869,302.81,82.64
1870,303.54,83.34
1871,301.03,85.28
1872,297.65,85.89
1873,295.37,88.44
1874,296.93,90.33
1875,293.95,92.31
1876,294.38,91.66
1877,293.08,94.97
1878,291.6,96.63
1879,289.84,99.49
1880,292.04,101.72
1881,290.38,103.47
1882,287.83,105.42
1883,287.73,107.77
1884,285.13,110.0
1885,282.41,110.56
1886,282.23,113.94
1887,279.5,112.58
1888,278.09,115.56
1889,276.68,115.8
1890,274.25,117.29
1891,274.74,121.45
1892,274.01,122.34
1893,273.0,123.45
1894,270.4,126.26
1895,268.42,129.19
1896,268.77,130.63
1897,266.72,132.36
1898,267.13,133.47
1899,266.99,133.69
1900,265.36,134.07
1901,264.91,137.7
1902,262.52,140.97
1903,262.16,143.67
1904,260.79,145.36
1905,258.99,148.29
1906,259.05,150.02
1907,257.66,152.7
1908,257.77,153.77
1909,255.6,154.23
1910,252.67,154.22
1911,252.97,155.1
1912,251.56,154.68
1913,249.88,157.2
1914,249.67,159.53
1915,248.59,160.23
1916,247.58,161.55
1917,247.45,161.8
1918,245.05,162.25
1919,241.49,164.43
1920,242.09,165.79
1921,241.8,166.84
1922,238.66,168.86
1923,237.15,169.83
1924,234.56,173.07
1925,233.35,172.18
1926,231.41,175.53
1927,228.52,174.76
1928,227.8,177.63
1929,226.53,179.31
1930,224.51,180.27
1931,223.94,183.56
1932,219.85,185.35
1933,220.22,186.42
1934,217.81,189.07
1935,217.04,189.58
1936,214.96,191.67
1937,211.39,192.03
1938,210.34,193.56
1939,205.69,193.37
1940,203.96,195.44
1941,200.72,196.16
1942,197.34,197.64
1943,196.46,198.65
1944,194.86,199.55
1945,193.92,203.79
1946,192.21,204.08
1947,190.63,207.43
1948,187.86,209.7
1949,187.6,208.22
1950,186.32,211.85
1951,184.04,212.54
1952,183.28,213.48
1953,180.73,215.85
1954,179.51,214.89
1955,176.67,218.04
1956,173.13,218.7
1957,170.55,218.86
1958,167.65,222.25
1959,164.48,224.12
1960,161.71,225.07
1961,158.04,228.04
1962,156.43,228.34
1963,152.74,230.76
1964,150.26,236.24
1965,146.88,235.69
1966,144.61,237.76
1967,143.28,238.19
1968,141.99,240.8
1969,140.37,243.35
1970,138.67,244.39
1971,137.37,246.09
1972,135.77,246.99
1973,134.22,249.69
1974,132.95,251.62
1975,130.19,253.64
1976,128.97,258.1
1977,125.67,258.64
1978,123.78,261.19
1979,121.89,264.92
1980,118.21,266.09
1981,116.07,269.23
1982,114.03,270.16
1983,110.26,274.01
1984,108.92,277.98
1985,107.04,279.74
1986,105.2,282.7
1987,103.71,285.25
1988,100.62,287.73
1989,97.37,290.56
1990,96.48,289.71
1991,95.63,291.1
1992,94.02,293.47
1993,93.29,294.69
1994,89.75,297.96
1995,90.07,300.66
1996,89.66,303.67
1997,89.46,305.45
1998,86.59,305.7
1999,86.2,310.17
2000,86.31,312.83
2001,83.91,316.63
2002,83.12,316.87
2003,82.37,319.32
2004,81.38,323.66
2005,82.52,323.34
2006,85.15,326.0
2007,82.18,327.94
2008,83.92,331.28
2009,83.37,331.53
2010,82.19,332.65
2011,83.91,335.43
2012,83.97,335.51
2013,86.07,337.04
2014,83.47,338.06
2015,83.82,340.09
2016,81.4,340.6
2017,80.89,343.16
2018,84.12,343.51
2019,82.39,344.13
2020,79.34,345.7
2021,80.14,344.79
2022,80.34,345.42
2023,79.97,346.36
2024,79.15,346.38
2025,81.0,347.36
2026,79.48,346.14
2027,77.12,346.36
2028,77.29,347.25
2029,77.37,345.26
2030,75.32,344.4
2031,75.32,346.97
2032,71.18,348.05
2033,71.36,348.34
2034,69.13,347.98
2035,65.78,350.03
2036,63.07,349.19
2037,61.24,350.4
2038,57.59,351.38
2039,56.1,352.21
2040,55.4,354.27
2041,53.92,352.53
2042,52.96,353.16
2043,52.97,354.69
2044,52.24,356.53
2045,51.16,354.88
2046,50.62,356.48
2047,50.64,357.81
2048,49.55,358.33
2049,49.93,359.19
2050,49.56,357.45
2051,49.93,360.96
2052,48.42,361.83
2053,48.6,362.48
2054,47.9,365.0
2055,48.63,365.32
2056,48.09,366.95
2057,48.11,367.18
2058,47.94,369.28
2059,47.75,368.47
2060,47.61,368.66
2061,47.59,368.53
2062,47.42,370.05
2063,47.58,370.97
2064,47.6,370.67
2065,48.47,369.83
2066,49.02,370.22
2067,48.82,374.22
2068,49.03,372.83
2069,47.96,373.11
2070,49.18,370.67
2071,48.5,371.88
2072,48.86,372.49
2073,49.2,372.84
2074,49.37,371.77
2075,47.46,372.27
2076,49.76,371.78
2077,49.03,373.11
2078,49.54,373.11
2079,49.55,372.94
2080,50.25,372.67
2081,50.12,371.21
2082,50.1,373.33
2083,50.87,373.7
2084,50.86,373.37
2085,51.26,372.34
2086,51.96,374.08
2087,51.96,374.82
2088,52.52,374.75
2089,53.28,375.0
2090,53.13,375.27
2091,53.51,376.63
2092,54.86,373.75
2093,56.0,375.81
2094,56.51,376.3
2095,58.14,374.64
2096,58.14,374.9
2097,58.14,375.16
2098,59.64,374.03
2099,60.72,373.9
2100,61.44,374.69
2101,62.03,375.41
2102,62.75,373.65
2103,62.62,372.14
2104,64.63,371.82
2105,65.57,371.83
2106,67.26,371.29
2107,68.02,371.91
2108,70.32,370.95
2109,71.11,371.81
2110,71.65,369.46
2111,73.73,369.86
2112,74.26,369.94
2113,75.18,365.75
2114,75.94,365.76
2115,76.67,366.15
2116,78.22,365.36
2117,78.42,365.0
2118,79.9,364.9
2119,82.12,364.32
2120,82.44,363.13
2121,84.33,361.29
2122,84.16,360.38
2123,85.29,359.18
2124,86.93,357.21
2125,88.42,354.41
2126,88.62,352.53
2127,90.38,353.85
2128,91.31,350.84
2129,93.79,352.62
2130,94.78,350.63
2131,96.05,350.85
2132,97.47,349.2
2133,96.98,348.57
2134,97.94,348.09
2135,98.68,346.38
2136,100.09,343.8
2137,100.62,344.65
2138,101.57,341.75
2139,101.15,341.99
2140,103.78,338.84
2141,104.54,339.5
2142,104.74,336.48
2143,105.83,337.3
2144,106.74,334.57
2145,107.35,332.93
2146,108.7,335.74
2147,109.27,331.44
2148,110.37,332.08
2149,112.0,331.4
2150,113.29,330.46
2151,114.69,327.83
2152,114.71,324.96
2153,115.24,324.71
2154,115.8,325.93
2155,116.62,323.33
2156,118.21,320.39
2157,118.38,320.52
2158,118.85,317.46
2159,120.3,316.28
2160,119.67,318.73
2161,121.23,313.43
2162,122.04,313.57
2163,123.19,312.43
2164,123.32,310.81
2165,123.79,312.93
2166,124.51,312.61
2167,125.13,311.36
2168,126.44,310.85
2169,127.2,307.78
2170,126.93,310.16
2171,128.23,307.46
2172,129.71,306.58
2173,130.39,305.72
2174,130.64,303.62
2175,133.09,301.2
2176,134.89,302.12
2177,135.03,300.94
2178,135.93,298.49
2179,138.96,298.13
2180,139.61,298.05
2181,139.52,296.83
2182,141.02,297.1
2183,143.07,299.63
2184,143.05,298.95
2185,143.85,298.72
2186,145.54,298.12
2187,147.5,296.35
2188,147.36,296.56
2189,148.84,295.33
2190,150.27,291.27
2191,151.06,290.99
2192,152.13,289.93
2193,154.2,289.86
2194,153.63,284.67
2195,154.97,284.55
2196,156.81,284.41
2197,157.66,283.6
2198,158.49,285.61
2199,159.4,283.4
2200,160.44,284.31
2201,164.23,282.56
2202,164.37,279.96
2203,167.74,279.24
2204,168.75,278.51
2205,169.32,277.75
2206,171.29,277.54
2207,174.81,277.28
2208,176.02,273.84
2209,179.38,270.68
2210,180.94,270.37
2211,180.6,268.69
2212,181.14,266.01
2213,184.77,267.21
2214,184.79,266.1
2215,186.22,263.78
2216,188.18,263.26
2217,189.9,263.11
2218,190.64,262.08
2219,192.09,260.93
2220,194.1,262.83
2221,195.55,258.83
2222,196.95,256.82
2223,201.77,255.64
2224,200.41,254.86
2225,203.47,255.98
2226,203.55,251.89
2227,207.01,248.91
2228,207.11,247.94
2229,209.24,246.62
2230,211.99,249.08
2231,213.9,244.54
2232,217.26,243.43
2233,217.89,241.61
2234,219.98,240.25
2235,221.06,236.47
2236,222.65,236.72
2237,223.33,233.18
2238,225.85,236.21
2239,224.68,234.09
2240,227.16,232.36
2241,228.9,230.17
2242,231.03,228.84
2243,231.89,226.77
2244,231.9,224.73
2245,233.41,225.07
2246,233.5,223.42
2247,235.88,222.96
2248,237.52,218.62
2249,237.24,218.45
2250,238.39,216.03
2251,241.5,215.63
2252,238.95,213.92
2253,243.14,209.81
2254,243.91,209.71
2255,243.44,207.81
2256,245.05,208.02
2257,245.29,208.02
2258,246.76,204.32
2259,249.38,205.54
2260,252.9,202.4
2261,251.21,201.18
2262,252.39,201.83
2263,254.94,199.61
2264,256.97,197.34
2265,259.56,196.12
2266,262.09,196.59
2267,264.76,194.27
2268,267.64,195.66
2269,269.28,193.28
2270,273.53,191.88
2271,273.17,190.82
2272,274.63,191.92
2273,278.03,188.87
2274,279.7,186.22
2275,280.96,183.37
2276,280.84,185.59
2277,280.49,181.5
2278,283.22,178.67
2279,283.9,178.32
2280,285.97,176.25
2281,287.28,174.16
2282,288.87,172.95
2283,289.28,170.72
2284,289.4,171.57
2285,289.89,168.79
2286,289.82,164.6
2287,290.53,159.66
2288,290.91,157.26
2289,291.05,153.05
2290,292.43,155.5
2291,292.88,151.23
2292,289.66,151.19
2293,291.23,148.23
2294,290.94,147.44
2295,291.36,146.73
2296,292.92,146.26
2297,292.1,144.86
2298,292.27,143.96
2299,292.97,143.77
2300,293.79,142.6
2301,294.09,143.74
2302,293.12,140.85
2303,295.67,140.4
2304,295.54,138.63
2305,293.88,140.66
2306,296.62,140.87
2307,295.57,138.21
2308,294.55,135.09
2309,296.36,133.91
2310,296.88,133.9
2311,296.61,135.05
2312,297.32,133.2
2313,297.79,133.51
2314,297.39,133.38
2315,297.44,132.04
2316,298.48,130.62
2317,297.97,129.33
2318,299.24,129.86
2319,298.71,128.23
2320,299.1,128.09
2321,297.42,128.08
2322,300.04,131.22
2323,302.0,129.19
2324,301.32,128.44
2325,301.37,128.47
2326,304.3,126.8
2327,303.32,124.94
2328,304.17,125.31
2329,305.81,124.91
2330,304.19,123.0
2331,306.29,123.2
2332,308.87,123.6
2333,308.93,125.14
2334,309.95,121.11
2335,311.47,124.29
2336,311.43,125.17
2337,314.07,124.0
2338,314.24,123.44
2339,315.5,124.24
2340,314.35,125.34
2341,315.57,125.21
2342,315.53,125.31
2343,316.77,124.25
2344,317.4,122.94
2345,316.53,123.18
2346,319.61,122.08
2347,319.11,122.97
2348,319.83,125.08
2349,321.68,123.12
2350,320.97,122.73
2351,323.44,120.55
2352,322.67,119.99
2353,321.7,117.75
2354,322.57,115.84
2355,322.67,114.48
2356,320.73,113.34
2357,323.96,113.73
2358,323.47,113.39
2359,325.25,111.28
2360,324.81,110.81
2361,325.08,111.88
2362,325.51,109.7
2363,325.9,108.54
2364,326.32,108.23
2365,324.76,108.33
2366,326.35,107.82
2367,324.82,105.93
2368,327.2,105.78
2369,327.58,105.47
2370,328.37,105.57
2371,327.74,104.03
2372,328.16,104.66
2373,329.28,102.5
2374,328.13,102.47
2375,328.53,102.63
2376,328.81,102.6
2377,329.04,102.54
2378,328.52,102.62
2379,328.22,102.54
2380,327.64,101.52
2381,328.25,102.75
2382,328.11,100.57
2383,326.98,100.93
2384,327.91,100.01
2385,328.5,98.01
2386,329.02,100.03
2387,328.2,95.09
2388,327.35,99.29
2389,328.92,95.97
2390,327.65,96.66
2391,328.28,97.74
2392,327.64,95.07
2393,325.97,94.78
2394,324.54,95.89
2395,326.73,97.15
2396,324.51,94.93
2397,324.4,96.59
2398,324.31,94.23
2399,324.11,94.07
2400,324.36,94.24
2401,323.37,94.73
2402,323.62,95.8
2403,324.47,94.82
2404,323.32,93.75
2405,324.63,93.75
2406,323.85,96.37
2407,323.55,93.84
2408,323.66,93.39
2409,325.69,92.54
2410,323.78,95.04
2411,324.45,91.75
2412,323.29,93.46
2413,324.97,92.72
2414,323.38,93.35
2415,322.2,92.56
2416,323.74,92.94
2417,322.09,92.08
2418,325.67,95.32
2419,323.68,92.92
2420,325.77,94.38
2421,323.72,92.07
2422,324.18,94.32
2423,321.72,93.7
2424,322.68,91.5
2425,321.31,92.09
2426,322.02,91.39
2427,322.44,91.85
2428,322.91,91.54
2429,323.1,91.71
2430,323.1,94.64
2431,321.81,91.32
2432,325.03,91.86
2433,324.01,89.74
2434,324.11,90.65
2435,325.96,91.47
2436,324.18,90.45
2437,326.05,93.26
2438,323.72,92.16
2439,325.08,92.31
2440,323.66,93.9
2441,324.48,93.08
2442,322.53,91.22
2443,323.23,92.86
2444,323.57,94.3
2445,324.27,93.54
2446,322.18,91.59
2447,322.56,94.29
2448,322.07,94.2
2449,322.38,94.37
2450,322.14,92.54
2451,323.02,93.22
2452,321.24,94.94
2453,321.4,95.15
2454,320.13,95.3
2455,319.45,93.5
2456,321.47,95.9
2457,319.63,93.99
2458,318.39,95.33
2459,318.02,95.89
2460,319.8,95.14
2461,316.9,96.3
2462,316.64,96.63
2463,317.18,96.29
2464,316.65,96.62
2465,315.05,96.24
2466,315.96,97.89
2467,314.64,96.9
2468,314.64,98.24
2469,315.75,98.34
2470,314.87,98.77
2471,315.5,101.36
2472,315.78,101.33
2473,314.19,100.71
2474,314.23,100.62
2475,314.19,100.46
2476,313.04,103.89
2477,314.07,102.2
2478,312.91,105.22
2479,311.24,106.73
2480,310.67,104.51
2481,309.63,105.74
2482,310.19,106.37
2483,307.27,106.65
2484,309.08,107.93
2485,306.8,110.34
2486,305.9,109.65
2487,305.63,110.81
2488,303.81,111.81
2489,303.13,111.0
2490,304.07,113.8
2491,303.39,113.71
2492,299.84,113.32
2493,298.86,111.24
2494,300.71,113.29
2495,297.23,112.15
2496,295.68,113.57
2497,296.65,114.26
2498,296.22,117.19
2499,295.17,116.24
2500,296.81,116.29
2501,293.55,114.39
2502,293.98,115.66
2503,293.06,118.74
2504,292.98,119.27
2505,294.56,118.58
2506,291.87,117.2
2507,292.2,119.95
2508,291.07,121.39
2509,291.81,122.93
2510,290.54,123.74
2511,289.87,121.49
2512,290.31,125.56
2513,289.32,125.54
2514,289.31,124.33
2515,288.07,126.58
2516,289.14,126.71
2517,288.68,128.82
2518,286.93,128.6
2519,287.52,129.22
2520,287.29,131.55
2521,286.69,132.1
2522,285.8,130.56
2523,286.97,130.79
2524,285.72,131.13
2525,284.66,132.67
2526,282.76,134.2
2527,282.62,132.51
2528,281.15,133.85
2529,281.61,135.36
2530,279.06,135.59
2531,279.98,135.71
2532,280.74,137.69
2533,281.61,137.96
2534,279.42,138.25
2535,280.37,138.56
2536,280.13,138.14
2537,280.49,136.72
2538,278.47,140.83
2539,279.49,140.28
2540,278.1,139.87
2541,275.13,140.36
2542,274.7,142.05
2543,272.14,142.22
2544,268.93,143.74
2545,271.86,144.53
2546,270.1,142.58
2547,269.04,141.81
2548,265.13,144.57
2549,264.29,147.55
2550,263.81,147.41
2551,262.42,149.82
2552,262.76,150.38
2553,261.52,147.38
2554,262.29,149.95
2555,261.65,149.88
2556,260.35,151.08
2557,261.43,151.28
2558,258.12,151.61
2559,257.97,151.7
2560,256.42,153.03
2561,255.76,152.81
2562,253.92,152.32
2563,252.94,153.41
2564,251.24,156.0
2565,251.61,157.95
2566,249.26,158.47
2567,248.42,160.25
2568,247.2,160.32
2569,247.17,159.98
2570,245.38,162.53
2571,245.41,163.47
2572,243.42,164.22
2573,243.5,165.15
2574,242.17,164.02
2575,242.62,166.91
2576,241.64,167.76
2577,241.14,168.61
2578,239.38,169.23
2579,237.39,170.46
2580,236.86,169.95
2581,236.04,172.75
2582,233.97,172.58
2583,232.76,174.4
2584,229.36,175.11
2585,228.35,176.27
2586,226.5,177.21
2587,224.49,178.8
2588,224.28,179.31
2589,222.43,179.28
2590,222.35,182.57
2591,221.66,184.32
2592,221.27,184.01
2593,220.69,186.28
2594,219.79,187.59
2595,218.54,186.57
2596,216.76,188.7
2597,215.55,191.26
2598,215.77,192.67
2599,213.92,192.8
2600,211.81,197.27
2601,210.92,195.95
2602,208.86,199.63
2603,210.17,200.55
2604,206.66,205.31
2605,203.99,207.1
2606,204.08,207.92
2607,201.67,209.59
2608,201.67,209.6
2609,202.99,212.51
2610,204.39,213.73
2611,206.1,213.2
2612,203.96,216.23
2613,206.55,217.85
2614,203.15,218.9
2615,203.7,218.87
2616,201.59,220.13
2617,201.36,219.94
2618,200.59,221.06
2619,201.43,223.11
2620,198.25,223.35
2621,198.18,225.26
2622,199.01,227.53
2623,194.89,227.69
2624,195.21,229.81
2625,194.16,229.49
2626,194.75,230.8
2627,195.07,231.9
2628,191.0,232.9
2629,195.8,232.09
2630,195.4,233.67
2631,194.83,234.24
2632,197.63,235.81
2633,196.84,234.76
2634,197.36,235.22
2635,197.17,237.58
2636,199.1,238.17
2637,197.58,239.64
2638,199.99,240.98
2639,201.4,241.74
2640,198.63,241.2
2641,198.95,241.83
2642,198.49,239.69
2643,199.08,242.01
2644,196.6,241.69
2645,196.44,242.54
2646,196.53,241.73
2647,195.31,243.34
2648,193.42,243.95
2649,195.01,242.55
2650,193.5,244.48
2651,194.79,242.55
2652,194.32,243.47
2653,195.87,242.99
2654,193.85,242.02
2655,194.03,241.69
2656,193.77,240.38
2657,192.95,240.73
2658,192.87,241.17
2659,193.36,241.93
2660,192.41,240.76
2661,191.52,241.41
2662,190.83,242.88
2663,190.91,243.39
2664,190.97,242.74
2665,188.25,243.62
2666,191.27,244.34
2667,191.47,240.66
2668,191.96,243.41
2669,191.67,242.15
2670,192.7,241.85
2671,192.69,239.93
2672,190.97,241.13
2673,190.78,240.73
2674,190.82,240.75
2675,190.66,239.49
2676,190.03,240.06
2677,188.12,239.29
2678,188.15,241.92
2679,188.14,241.88
2680,189.72,241.26
2681,190.08,241.56
2682,189.44,241.73
2683,190.58,240.6
2684,192.75,241.48
2685,194.39,240.84
2686,194.19,240.83
2687,196.85,238.45
2688,199.55,238.28
2689,201.16,240.56
2690,201.39,239.99
2691,201.01,240.85
2692,201.62,240.1
2693,202.18,239.41
2694,202.68,240.78
2695,202.81,241.82
2696,204.83,240.81
2697,205.36,242.29
2698,207.99,243.15
2699,206.57,239.9
2700,211.82,239.9
2701,210.87,238.14
2702,212.24,237.43
2703,213.64,235.78
2704,214.61,235.54
2705,214.34,233.92
2706,212.15,233.55
2707,215.04,230.92
2708,215.38,230.91
2709,217.38,230.95
2710,215.63,228.68
2711,218.54,227.81
2712,220.09,227.64
2713,222.0,225.92
2714,223.99,224.84
2715,224.27,222.91
2716,226.21,223.79
2717,227.53,218.84
2718,229.34,217.92
2719,229.06,218.65
2720,229.5,214.28
2721,228.5,212.66
2722,229.88,210.32
2723,227.52,207.1
2724,228.99,207.83
2725,227.39,208.87
2726,228.66,205.24
2727,226.56,206.99
2728,226.58,206.64
2729,225.98,203.1
2730,224.92,203.71
2731,225.06,204.45
2732,224.83,200.92
2733,223.53,201.83
2734,222.18,199.13
2735,220.69,197.28
2736,220.89,199.06
2737,219.08,197.4
2738,217.54,195.34
2739,214.83,195.73
2740,212.99,196.48
2741,210.84,195.13
2742,206.95,196.52
2743,204.78,196.55
2744,203.62,196.09
2745,197.6,196.4
2746,199.26,196.56
2747,195.86,195.53
2748,192.94,194.99
2749,190.91,197.93
2750,188.83,197.72
2751,185.15,198.9
2752,183.47,199.91
2753,179.15,198.94
2754,176.18,201.34
2755,172.27,201.66
2756,169.04,204.54
2757,166.15,207.08
2758,161.13,207.79
2759,157.38,209.45
2760,154.2,212.8
2761,151.1,213.55
2762,148.74,215.82
2763,143.75,215.56
2764,144.48,217.54
2765,141.52,219.26
2766,139.52,221.84
2767,138.05,224.89
2768,136.14,228.3
2769,131.43,227.71
2770,130.93,233.33
2771,128.92,238.59
2772,124.07,240.39
2773,120.07,244.88
2774,114.35,247.54
2775,110.91,252.11
2776,107.04,256.31
2777,104.24,259.73
2778,101.5,264.28
2779,96.79,266.98
2780,95.33,269.08
2781,90.03,273.83
2782,85.09,277.32
2783,82.65,280.66
2784,79.88,284.06
2785,77.3,288.11
2786,73.61,292.57
2787,70.66,297.13
2788,68.61,300.44
2789,64.77,304.61
2790,60.53,307.28
2791,56.44,310.58
2792,52.13,314.71
2793,46.53,317.82
2794,42.07,321.73
2795,34.78,324.49
2796,31.3,328.66
2797,28.23,329.95
2798,22.65,334.51
2799,17.1,338.19
2800,12.82,341.3
2801,7.53,344.45
2802,6.27,347.28
2803,3.92,348.83
2804,3.92,351.92
2805,3.92,353.9
2806,3.36,357.75
2807,3.36,363.07
2808,2.28,367.71
2809,2.08,373.91
2810,1.15,378.58
2811,0.95,382.77
2812,0.95,387.25
2813,0.0,390.63
2814,0.0,393.33
2815,0.0,399.35
2816,0.0,403.03
2817,0.0,407.14
2818,0.0,408.94
2819,0.0,412.8
2820,0.0,416.28
2821,0.0,417.39
2822,0.0,418.3
2823,0.0,422.05
2824,0.0,422.41
2825,0.0,425.72
2826,0.0,428.53
2827,0.0,431.63
2828,0.0,433.28
2829,0.0,437.43
2830,0.0,439.91
2831,0.0,441.83
2832,0.0,442.25
2833,0.0,443.52
2834,0.0,441.64
2835,0.0,443.85
2836,0.0,443.58
2837,0.0,443.78
2838,0.0,442.46
2839,0.0,443.89
2840,0.0,444.41
2841,0.0,444.18
2842,0.0,443.25
2843,0.0,443.3
2844,0.0,443.17
2845,0.0,442.9
2846,0.0,443.15
2847,0.0,442.6
2848,0.0,440.67
2849,0.0,439.27
2850,0.0,440.64
2851,0.0,438.5
2852,0.0,439.12
2853,0.0,439.25
2854,0.0,439.63
2855,0.0,441.16
2856,0.0,442.27
2857,0.0,444.1
2858,0.0,443.44
2859,0.0,443.45
2860,0.0,443.67
2861,0.0,443.68
2862,0.0,444.32
2863,0.0,445.21
2864,0.0,447.26
2865,0.0,450.51
2866,0.0,451.29
2867,0.0,453.25
2868,0.0,454.72
2869,0.0,458.04
2870,0.0,460.2
2871,0.0,460.12
2872,0.0,463.99
2873,0.0,464.97
2874,0.0,466.6
2875,0.0,466.58
2876,0.0,466.92
2877,0.0,467.97
2878,0.0,466.53
2879,0.0,466.2
2880,0.0,466.29
2881,0.0,466.42
2882,0.0,463.32
2883,0.0,463.92
2884,0.0,462.8
2885,0.0,464.95
2886,0.0,464.52
2887,0.0,467.04
2888,0.0,469.74
2889,0.0,472.87
2890,0.0,473.09
2891,0.0,473.5
2892,0.0,475.89
2893,0.0,476.16
2894,0.0,474.61
2895,0.0,477.68
2896,0.0,477.49
2897,0.0,477.77
2898,0.0,476.23
2899,0.0,475.47
2900,0.0,473.07
2901,0.0,471.35
2902,0.0,466.21
2903,0.0,461.87
2904,0.0,458.89
2905,0.0,456.11
2906,0.0,451.98
2907,0.0,446.57
2908,0.0,443.52
2909,0.0,438.34
2910,0.0,437.02
2911,0.0,433.2
2912,0.0,433.54
2913,0.0,433.54
2914,0.0,434.75
2915,0.0,435.67
2916,0.0,434.95
2917,0.0,437.1
