Export:,Graph,,,
File:,walk,,,
Units:,N,,,
Graphed Value:,Estimated Load,,,
Frame,Date,Time,Left Insole,Right Insole
1,2026-03-27,09:20:48,0,455.969465
2,2026-03-27,09:20:48,0,458.094174
3,2026-03-27,09:20:48,0,456.124864
4,2026-03-27,09:20:48,0,458.993918
5,2026-03-27,09:20:48,0,457.385938
6,2026-03-27,09:20:48,0,458.769898
7,2026-03-27,09:20:48,0,460.034603
8,2026-03-27,09:20:48,0,461.29208
9,2026-03-27,09:20:48,0,460.08517
10,2026-03-27,09:20:48,0,463.832316
11,2026-03-27,09:20:48,0,461.696781
12,2026-03-27,09:20:48,0,461.407704
13,2026-03-27,09:20:48,0,460.536874
14,2026-03-27,09:20:48,0,460.200828
15,2026-03-27,09:20:48,0,462.068971
16,2026-03-27,09:20:48,0,462.025599
17,2026-03-27,09:20:48,0,461.0572
18,2026-03-27,09:20:48,0,460.381476
19,2026-03-27,09:20:48,0,460.789809
20,2026-03-27,09:20:48,0,460.395933
21,2026-03-27,09:20:48,0,461.295677
22,2026-03-27,09:20:48,0,459.420305
23,2026-03-27,09:20:48,0,456.984833
24,2026-03-27,09:20:48,0,459.073433
25,2026-03-27,09:20:48,0,458.85301
26,2026-03-27,09:20:48,0,459.835867
27,2026-03-27,09:20:48,0,459.756352
28,2026-03-27,09:20:48,0,458.75181
29,2026-03-27,09:20:48,0,458.224255
30,2026-03-27,09:20:48,0,458.068891
31,2026-03-27,09:20:48,0,455.882755
32,2026-03-27,09:20:48,0,454.552993
33,2026-03-27,09:20:48,0,457.46905
34,2026-03-27,09:20:48,0,457.049891
35,2026-03-27,09:20:48,0,456.775271
36,2026-03-27,09:20:48,0,456.937864
37,2026-03-27,09:20:48,0,456.656015
38,2026-03-27,09:20:48,0,455.553938
39,2026-03-27,09:20:48,0,454.993837
40,2026-03-27,09:20:48,0,454.404857
41,2026-03-27,09:20:48,0,455.120321
42,2026-03-27,09:20:48,0,452.99921
43,2026-03-27,09:20:48,0,454.227806
44,2026-03-27,09:20:48,0,454.451826
45,2026-03-27,09:20:48,0,456.334426
46,2026-03-27,09:20:48,0,457.649732
47,2026-03-27,09:20:48,0,457.367883
48,2026-03-27,09:20:48,0,456.381395
49,2026-03-27,09:20:48,0,457.378709
50,2026-03-27,09:20:48,0,455.40217
51,2026-03-27,09:20:48,0,455.521392
52,2026-03-27,09:20:48,0,455.785186
53,2026-03-27,09:20:48,0,456.330829
54,2026-03-27,09:20:48,0,456.128461
55,2026-03-27,09:20:48,0,457.263085
56,2026-03-27,09:20:48,0,454.581907
57,2026-03-27,09:20:49,0,456.356112
58,2026-03-27,09:20:49,0,457.324511
59,2026-03-27,09:20:49,0,455.749043
60,2026-03-27,09:20:49,0,455.510566
61,2026-03-27,09:20:49,0,456.077861
62,2026-03-27,09:20:49,0,457.263085
63,2026-03-27,09:20:49,0,457.422081
64,2026-03-27,09:20:49,0,457.956864
65,2026-03-27,09:20:49,0,458.300139
66,2026-03-27,09:20:49,0,459.687697
67,2026-03-27,09:20:49,0,460.356193
68,2026-03-27,09:20:49,0,459.91175
69,2026-03-27,09:20:49,0,458.910806
70,2026-03-27,09:20:49,0,460.677782
71,2026-03-27,09:20:49,0,461.078886
72,2026-03-27,09:20:49,0,459.015604
73,2026-03-27,09:20:49,0,457.512422
74,2026-03-27,09:20:49,0,456.565675
75,2026-03-27,09:20:49,0,456.464508
76,2026-03-27,09:20:49,0,453.320833
77,2026-03-27,09:20:49,0,455.77436
78,2026-03-27,09:20:49,0,454.805927
79,2026-03-27,09:20:49,0,453.674934
80,2026-03-27,09:20:49,0,457.642503
81,2026-03-27,09:20:49,0,455.994782
82,2026-03-27,09:20:49,0,456.088721
83,2026-03-27,09:20:49,0,456.966779
84,2026-03-27,09:20:49,0,454.516883
85,2026-03-27,09:20:49,0,455.120321
86,2026-03-27,09:20:49,0,455.929725
87,2026-03-27,09:20:49,0,456.04898
88,2026-03-27,09:20:49,0,457.151058
89,2026-03-27,09:20:49,0,458.177286
90,2026-03-27,09:20:49,0,458.910806
91,2026-03-27,09:20:49,0,459.275767
92,2026-03-27,09:20:49,0,459.702154
93,2026-03-27,09:20:49,0,457.960495
94,2026-03-27,09:20:49,0,457.660558
95,2026-03-27,09:20:49,0,458.050802
96,2026-03-27,09:20:49,0,458.636185
97,2026-03-27,09:20:49,0,458.784355
98,2026-03-27,09:20:49,0,458.896348
99,2026-03-27,09:20:49,0,459.322736
100,2026-03-27,09:20:49,0,456.793325
101,2026-03-27,09:20:49,0,456.273
102,2026-03-27,09:20:49,0,455.36243
103,2026-03-27,09:20:49,0,456.399484
104,2026-03-27,09:20:49,0,455.040807
105,2026-03-27,09:20:49,0,454.477109
106,2026-03-27,09:20:49,0,451.969385
107,2026-03-27,09:20:49,0,453.111237
108,2026-03-27,09:20:49,0,453.515939
109,2026-03-27,09:20:49,0,451.365947
110,2026-03-27,09:20:49,0,453.884531
111,2026-03-27,09:20:49,0,452.168121
112,2026-03-27,09:20:49,0,451.188896
113,2026-03-27,09:20:49,0,450.733594
114,2026-03-27,09:20:49,0,448.930475
115,2026-03-27,09:20:49,0,447.792254
116,2026-03-27,09:20:49,0,449.664028
117,2026-03-27,09:20:49,0,446.971991
118,2026-03-27,09:20:49,0,447.817537
119,2026-03-27,09:20:49,0,447.470664
120,2026-03-27,09:20:49,0,447.055103
121,2026-03-27,09:20:49,0,446.38301
122,2026-03-27,09:20:49,0,444.352239
123,2026-03-27,09:20:49,0,445.360413
124,2026-03-27,09:20:49,0,445.508549
125,2026-03-27,09:20:49,0,444.641317
126,2026-03-27,09:20:49,0,446.476948
127,2026-03-27,09:20:49,0,446.943076
128,2026-03-27,09:20:49,0,450.415602
129,2026-03-27,09:20:49,0,450.729997
130,2026-03-27,09:20:49,0,450.148211
131,2026-03-27,09:20:49,0,449.812164
132,2026-03-27,09:20:49,0,448.475207
133,2026-03-27,09:20:49,0,445.602521
134,2026-03-27,09:20:49,0,446.675685
135,2026-03-27,09:20:49,0,450.581827
136,2026-03-27,09:20:49,0,447.683858
137,2026-03-27,09:20:49,0,450.74442
138,2026-03-27,09:20:49,0,453.870074
139,2026-03-27,09:20:49,0,454.242263
140,2026-03-27,09:20:49,0,456.82224
141,2026-03-27,09:20:49,0,458.433852
142,2026-03-27,09:20:49,0,459.167371
143,2026-03-27,09:20:49,0,460.200828
144,2026-03-27,09:20:49,0,461.41853
145,2026-03-27,09:20:49,0,461.863006
146,2026-03-27,09:20:49,0,460.63441
147,2026-03-27,09:20:49,0,457.111317
148,2026-03-27,09:20:49,0,455.730988
149,2026-03-27,09:20:49,0,454.975783
150,2026-03-27,09:20:49,0,452.337977
151,2026-03-27,09:20:49,0,452.99921
152,2026-03-27,09:20:49,0,453.436458
153,2026-03-27,09:20:49,0,449.938648
154,2026-03-27,09:20:49,0,451.120241
155,2026-03-27,09:20:49,0,450.086784
156,2026-03-27,09:20:49,0,448.074102
157,2026-03-27,09:20:49,0,447.040646
158,2026-03-27,09:20:49,0,444.691917
159,2026-03-27,09:20:49,0,446.198731
160,2026-03-27,09:20:49,0,448.229467
161,2026-03-27,09:20:49,0,445.121902
162,2026-03-27,09:20:49,0,444.644948
163,2026-03-27,09:20:49,0,447.817537
164,2026-03-27,09:20:49,0,446.69737
165,2026-03-27,09:20:49,0,447.192413
166,2026-03-27,09:20:49,0,445.674774
167,2026-03-27,09:20:49,0,444.276356
168,2026-03-27,09:20:49,0,442.184193
169,2026-03-27,09:20:49,0,441.587983
170,2026-03-27,09:20:49,0,438.664698
171,2026-03-27,09:20:49,0,443.593437
172,2026-03-27,09:20:49,0,443.008053
173,2026-03-27,09:20:49,0,443.419983
174,2026-03-27,09:20:49,0,447.261068
175,2026-03-27,09:20:49,0,449.075013
176,2026-03-27,09:20:49,0,449.226781
177,2026-03-27,09:20:49,0,449.855536
178,2026-03-27,09:20:49,0,451.662253
179,2026-03-27,09:20:49,0,450.437288
180,2026-03-27,09:20:49,0,450.932331
181,2026-03-27,09:20:49,0,447.954847
182,2026-03-27,09:20:49,0,448.280067
183,2026-03-27,09:20:49,0,446.119216
184,2026-03-27,09:20:49,0,444.175189
185,2026-03-27,09:20:49,0,444.86537
186,2026-03-27,09:20:49,0,441.548209
187,2026-03-27,09:20:49,0,444.807541
188,2026-03-27,09:20:49,0,445.64949
189,2026-03-27,09:20:49,0,444.926797
190,2026-03-27,09:20:49,0,444.55101
191,2026-03-27,09:20:49,0,447.062332
192,2026-03-27,09:20:49,0,445.790398
193,2026-03-27,09:20:49,0,446.205959
194,2026-03-27,09:20:49,0,447.550145
195,2026-03-27,09:20:49,0,447.297211
196,2026-03-27,09:20:49,0,447.130987
197,2026-03-27,09:20:49,0,445.830138
198,2026-03-27,09:20:49,0,446.270983
199,2026-03-27,09:20:49,0,447.878963
200,2026-03-27,09:20:49,0,445.898793
201,2026-03-27,09:20:49,0,446.075878
202,2026-03-27,09:20:49,0,446.820223
203,2026-03-27,09:20:49,0,446.722688
204,2026-03-27,09:20:49,0,444.464266
205,2026-03-27,09:20:49,0,442.202247
206,2026-03-27,09:20:49,0,442.578068
207,2026-03-27,09:20:50,0,437.298826
208,2026-03-27,09:20:50,0,437.183201
209,2026-03-27,09:20:50,0,435.130745
210,2026-03-27,09:20:50,0,435.184943
211,2026-03-27,09:20:50,0,437.147058
212,2026-03-27,09:20:50,0,438.877891
213,2026-03-27,09:20:50,0,441.761403
214,2026-03-27,09:20:50,0,443.71629
215,2026-03-27,09:20:50,0,444.897882
216,2026-03-27,09:20:50,0,446.090335
217,2026-03-27,09:20:50,0,447.08042
218,2026-03-27,09:20:50,0,446.856366
219,2026-03-27,09:20:50,0,446.137304
220,2026-03-27,09:20:50,0,449.165354
221,2026-03-27,09:20:50,0,448.507718
222,2026-03-27,09:20:50,0,451.467114
223,2026-03-27,09:20:50,0,448.934106
224,2026-03-27,09:20:50,0,447.261068
225,2026-03-27,09:20:50,0,446.516723
226,2026-03-27,09:20:50,0,444.858142
227,2026-03-27,09:20:50,0,446.032506
228,2026-03-27,09:20:50,0,453.515939
229,2026-03-27,09:20:50,0,460.442902
230,2026-03-27,09:20:50,0,468.475609
231,2026-03-27,09:20:50,0,471.575945
232,2026-03-27,09:20:50,0,472.609368
233,2026-03-27,09:20:50,0,473.404348
234,2026-03-27,09:20:50,0,473.968045
235,2026-03-27,09:20:50,0,471.890306
236,2026-03-27,09:20:50,0,470.625601
237,2026-03-27,09:20:50,0,469.042904
238,2026-03-27,09:20:50,0,468.60569
239,2026-03-27,09:20:50,0,468.1829
240,2026-03-27,09:20:50,0,463.691409
241,2026-03-27,09:20:50,0,459.228797
242,2026-03-27,09:20:50,0,450.289152
243,2026-03-27,09:20:50,0,442.223933
244,2026-03-27,09:20:50,0,430.715137
245,2026-03-27,09:20:50,0,420.012113
246,2026-03-27,09:20:50,0,409.113949
247,2026-03-27,09:20:50,0,397.29439
248,2026-03-27,09:20:50,0,384.824389
249,2026-03-27,09:20:50,0,370.088773
250,2026-03-27,09:20:50,0,360.979305
251,2026-03-27,09:20:50,0,354.124594
252,2026-03-27,09:20:50,0,345.502906
253,2026-03-27,09:20:50,0,339.367291
254,2026-03-27,09:20:50,0,329.083426
255,2026-03-27,09:20:50,0,317.567401
256,2026-03-27,09:20:50,0,301.866982
257,2026-03-27,09:20:50,0,286.289451
258,2026-03-27,09:20:50,0,273.299107
259,2026-03-27,09:20:50,0,259.474078
260,2026-03-27,09:20:50,3.270165,239.863937
261,2026-03-27,09:20:50,7.259406,221.793104
262,2026-03-27,09:20:50,11.989403,203.238072
263,2026-03-27,09:20:50,16.31108,184.950448
264,2026-03-27,09:20:50,20.849563,167.537268
265,2026-03-27,09:20:50,26.114348,148.010222
266,2026-03-27,09:20:50,32.069303,128.945699
267,2026-03-27,09:20:50,40.441649,113.574115
268,2026-03-27,09:20:50,51.079624,95.640593
269,2026-03-27,09:20:50,59.296593,80.352121
270,2026-03-27,09:20:50,65.132301,66.960704
271,2026-03-27,09:20:50,71.593141,54.259455
272,2026-03-27,09:20:50,76.915738,40.528372
273,2026-03-27,09:20:50,83.307919,26.587709
274,2026-03-27,09:20:50,90.68657,17.608305
275,2026-03-27,09:20:50,100.450085,8.798733
276,2026-03-27,09:20:50,115.926466,3.071426
277,2026-03-27,09:20:50,136.197875,1.723612
278,2026-03-27,09:20:50,161.343824,1.528486
279,2026-03-27,09:20:50,193.626316,1.528486
280,2026-03-27,09:20:50,217.251012,1.528486
281,2026-03-27,09:20:50,236.207131,1.528486
282,2026-03-27,09:20:50,249.623828,1.528486
283,2026-03-27,09:20:50,257.927524,1.329747
284,2026-03-27,09:20:50,267.860886,1.329747
285,2026-03-27,09:20:50,282.603731,1.329747
286,2026-03-27,09:20:50,299.894041,1.329747
287,2026-03-27,09:20:50,313.805797,1.131008
288,2026-03-27,09:20:50,329.029228,1.131008
289,2026-03-27,09:20:50,345.31503,1.131008
290,2026-03-27,09:20:50,362.475259,1.131008
291,2026-03-27,09:20:50,372.170143,1.131008
292,2026-03-27,09:20:50,383.086327,1.131008
293,2026-03-27,09:20:50,391.093717,0.932268
294,2026-03-27,09:20:50,397.662948,0.932268
295,2026-03-27,09:20:50,402.338753,0.932268
296,2026-03-27,09:20:50,409.475313,0.932268
297,2026-03-27,09:20:50,414.693129,0.932268
298,2026-03-27,09:20:50,418.899175,0.932268
299,2026-03-27,09:20:50,421.761001,0.932268
300,2026-03-27,09:20:50,422.8306,0.932268
301,2026-03-27,09:20:50,420.738404,0.932268
302,2026-03-27,09:20:50,419.123195,0.932268
303,2026-03-27,09:20:50,416.944288,0.932268
304,2026-03-27,09:20:50,416.449246,0.932268
305,2026-03-27,09:20:50,411.646991,0.932268
306,2026-03-27,09:20:50,409.887243,0.932268
307,2026-03-27,09:20:50,404.972961,0
308,2026-03-27,09:20:50,401.319754,0
309,2026-03-27,09:20:50,396.203138,0
310,2026-03-27,09:20:50,391.017833,0
311,2026-03-27,09:20:50,387.028613,0
312,2026-03-27,09:20:50,383.30675,0
313,2026-03-27,09:20:50,378.041964,0
314,2026-03-27,09:20:50,375.765488,0
315,2026-03-27,09:20:50,374.005741,0
316,2026-03-27,09:20:50,370.952407,0
317,2026-03-27,09:20:50,373.012058,0
318,2026-03-27,09:20:50,370.233311,0
319,2026-03-27,09:20:50,369.611819,0
320,2026-03-27,09:20:50,368.556676,0
321,2026-03-27,09:20:50,366.869215,0
322,2026-03-27,09:20:50,365.944153,0
323,2026-03-27,09:20:50,364.961297,0
324,2026-03-27,09:20:50,362.692084,0
325,2026-03-27,09:20:50,366.431967,0
326,2026-03-27,09:20:50,366.822245,0
327,2026-03-27,09:20:50,368.101374,0
328,2026-03-27,09:20:50,368.419366,0
329,2026-03-27,09:20:50,372.665152,0
330,2026-03-27,09:20:50,374.464674,0
331,2026-03-27,09:20:50,378.627348,0
332,2026-03-27,09:20:50,384.293237,0
333,2026-03-27,09:20:50,387.339342,0
334,2026-03-27,09:20:50,390.175918,0
335,2026-03-27,09:20:50,392.318682,0
336,2026-03-27,09:20:50,394.103713,0
337,2026-03-27,09:20:50,396.546413,0
338,2026-03-27,09:20:50,395.780348,0
339,2026-03-27,09:20:50,396.969169,0
340,2026-03-27,09:20:50,397.626839,0
341,2026-03-27,09:20:50,397.60875,0
342,2026-03-27,09:20:50,400.029765,0
343,2026-03-27,09:20:50,399.733459,0
344,2026-03-27,09:20:50,398.942111,0
345,2026-03-27,09:20:50,398.99994,0
346,2026-03-27,09:20:50,401.402866,0
347,2026-03-27,09:20:50,403.664885,0
348,2026-03-27,09:20:50,408.15641,0
349,2026-03-27,09:20:50,415.253196,2.511343
350,2026-03-27,09:20:50,417.789835,23.115192
351,2026-03-27,09:20:50,423.069077,42.598874
352,2026-03-27,09:20:50,427.408836,52.358783
353,2026-03-27,09:20:50,429.703366,59.947013
354,2026-03-27,09:20:50,431.567878,68.749357
355,2026-03-27,09:20:50,433.869671,82.408166
356,2026-03-27,09:20:50,435.80647,94.104882
357,2026-03-27,09:20:50,434.097288,103.478152
358,2026-03-27,09:20:51,436.879667,110.036548
359,2026-03-27,09:20:51,433.927466,118.994274
360,2026-03-27,09:20:51,431.351087,130.517544
361,2026-03-27,09:20:51,432.561594,154.066356
362,2026-03-27,09:20:51,433.04218,198.974214
363,2026-03-27,09:20:51,435.354799,246.107964
364,2026-03-27,09:20:51,434.715218,277.512382
365,2026-03-27,09:20:51,439.896891,296.996072
366,2026-03-27,09:20:51,440.059484,307.344962
367,2026-03-27,09:20:51,441.143507,317.220494
368,2026-03-27,09:20:51,443.275445,335.775544
369,2026-03-27,09:20:51,444.341413,354.251078
370,2026-03-27,09:20:51,448.894365,368.151974
371,2026-03-27,09:20:51,445.060476,380.098018
372,2026-03-27,09:20:51,443.373014,390.999779
373,2026-03-27,09:20:51,439.217569,399.990025
374,2026-03-27,09:20:51,433.378226,409.092297
375,2026-03-27,09:20:51,423.481008,416.861176
376,2026-03-27,09:20:51,414.693129,424.817999
377,2026-03-27,09:20:51,401.449835,429.909331
378,2026-03-27,09:20:51,387.993381,434.353854
379,2026-03-27,09:20:51,373.532384,439.069399
380,2026-03-27,09:20:51,356.270988,441.367561
381,2026-03-27,09:20:51,335.085362,441.952945
382,2026-03-27,09:20:51,314.875397,440.370248
383,2026-03-27,09:20:51,292.587659,443.300728
384,2026-03-27,09:20:51,271.373152,437.248225
385,2026-03-27,09:20:51,248.315768,435.629419
386,2026-03-27,09:20:51,224.022594,430.577827
387,2026-03-27,09:20:51,197.160269,421.757403
388,2026-03-27,09:20:51,167.642049,416.311936
389,2026-03-27,09:20:51,141.159134,411.618076
390,2026-03-27,09:20:51,120.089149,406.053387
391,2026-03-27,09:20:51,98.639754,399.747916
392,2026-03-27,09:20:51,83.30069,393.930293
393,2026-03-27,09:20:51,73.085488,392.369282
394,2026-03-27,09:20:51,63.003982,387.498338
395,2026-03-27,09:20:51,50.599035,385.28692
396,2026-03-27,09:20:51,33.680897,380.31844
397,2026-03-27,09:20:51,11.143856,379.032049
398,2026-03-27,09:20:51,4.209661,376.141309
399,2026-03-27,09:20:51,0.982856,371.794322
400,2026-03-27,09:20:51,1.185209,369.358884
401,2026-03-27,09:20:51,1.387562,365.604509
402,2026-03-27,09:20:51,1.387562,366.15375
403,2026-03-27,09:20:51,2.446301,362.215096
404,2026-03-27,09:20:51,2.648653,362.218693
405,2026-03-27,09:20:51,2.843779,361.333406
406,2026-03-27,09:20:51,2.843779,361.954933
407,2026-03-27,09:20:51,2.843779,366.890901
408,2026-03-27,09:20:51,2.843779,368.852982
409,2026-03-27,09:20:51,2.843779,374.059972
410,2026-03-27,09:20:51,2.648653,374.222566
411,2026-03-27,09:20:51,2.446301,377.471038
412,2026-03-27,09:20:51,2.446301,380.188359
413,2026-03-27,09:20:51,2.243948,381.861363
414,2026-03-27,09:20:51,0.982856,381.026677
415,2026-03-27,09:20:51,0.982856,384.990614
416,2026-03-27,09:20:51,0,386.450458
417,2026-03-27,09:20:51,0,384.340207
418,2026-03-27,09:20:51,0,387.473055
419,2026-03-27,09:20:51,0,388.734163
420,2026-03-27,09:20:51,0,393.185914
421,2026-03-27,09:20:51,0,395.906832
422,2026-03-27,09:20:51,0,397.959254
423,2026-03-27,09:20:51,0,406.989275
424,2026-03-27,09:20:51,0,411.748158
425,2026-03-27,09:20:51,0,418.859435
426,2026-03-27,09:20:51,0,426.133271
427,2026-03-27,09:20:51,0,432.865129
428,2026-03-27,09:20:51,0,434.603191
429,2026-03-27,09:20:51,0,443.322414
430,2026-03-27,09:20:51,0,445.219472
431,2026-03-27,09:20:51,0,448.431835
432,2026-03-27,09:20:51,0,452.68485
433,2026-03-27,09:20:51,0,455.149236
434,2026-03-27,09:20:51,0,455.651473
435,2026-03-27,09:20:51,0,452.786016
436,2026-03-27,09:20:51,0,450.227726
437,2026-03-27,09:20:51,0,450.816706
438,2026-03-27,09:20:51,0,444.601576
439,2026-03-27,09:20:51,0,440.673782
440,2026-03-27,09:20:51,0,438.870663
441,2026-03-27,09:20:51,0,442.672007
442,2026-03-27,09:20:51,0,440.381073
443,2026-03-27,09:20:51,0,439.857116
444,2026-03-27,09:20:51,0,438.755039
445,2026-03-27,09:20:51,0,437.725213
446,2026-03-27,09:20:51,0,431.33663
447,2026-03-27,09:20:51,0,426.747569
448,2026-03-27,09:20:51,0,416.958746
449,2026-03-27,09:20:51,0,405.301779
450,2026-03-27,09:20:51,0,391.176829
451,2026-03-27,09:20:51,0,371.331792
452,2026-03-27,09:20:51,0,350.456963
453,2026-03-27,09:20:51,0,329.032859
454,2026-03-27,09:20:51,0,307.605125
455,2026-03-27,09:20:51,0,284.72844
456,2026-03-27,09:20:51,0,262.068529
457,2026-03-27,09:20:51,0,243.16301
458,2026-03-27,09:20:51,0,218.186882
459,2026-03-27,09:20:51,0,201.424126
460,2026-03-27,09:20:51,0,181.727259
461,2026-03-27,09:20:51,0,160.379039
462,2026-03-27,09:20:51,0,141.538544
463,2026-03-27,09:20:51,0,123.691748
464,2026-03-27,09:20:51,0,106.538739
465,2026-03-27,09:20:51,0,87.354977
466,2026-03-27,09:20:51,0.950335,70.014062
467,2026-03-27,09:20:51,15.049988,53.634326
468,2026-03-27,09:20:51,42.273666,40.311564
469,2026-03-27,09:20:51,71.318512,29.377289
470,2026-03-27,09:20:51,93.844719,23.675275
471,2026-03-27,09:20:51,106.444792,15.46192
472,2026-03-27,09:20:51,120.598648,6.923356
473,2026-03-27,09:20:51,140.743589,5.27924
474,2026-03-27,09:20:51,159.999621,5.084114
475,2026-03-27,09:20:51,174.207683,4.151845
476,2026-03-27,09:20:51,186.605397,4.151845
477,2026-03-27,09:20:51,198.912788,3.08588
478,2026-03-27,09:20:51,210.782948,2.912435
479,2026-03-27,09:20:51,224.029823,2.713695
480,2026-03-27,09:20:51,241.627282,2.713695
481,2026-03-27,09:20:51,263.618697,1.528486
482,2026-03-27,09:20:51,288.999509,1.528486
483,2026-03-27,09:20:51,312.956654,1.329747
484,2026-03-27,09:20:51,329.527902,1.329747
485,2026-03-27,09:20:51,336.06099,1.131008
486,2026-03-27,09:20:51,343.103612,1.131008
487,2026-03-27,09:20:51,352.599726,1.131008
488,2026-03-27,09:20:51,361.658627,1.131008
489,2026-03-27,09:20:51,367.76173,1.131008
490,2026-03-27,09:20:51,377.041053,1.131008
491,2026-03-27,09:20:51,384.625653,1.131008
492,2026-03-27,09:20:51,391.762213,0.932268
493,2026-03-27,09:20:51,395.932115,0.932268
494,2026-03-27,09:20:51,400.416412,0.932268
495,2026-03-27,09:20:51,399.021626,0.932268
496,2026-03-27,09:20:51,400.600691,0.932268
497,2026-03-27,09:20:51,394.555417,0.932268
498,2026-03-27,09:20:51,393.276255,0.932268
499,2026-03-27,09:20:51,389.901298,0.932268
500,2026-03-27,09:20:51,385.56154,0.932268
501,2026-03-27,09:20:51,383.270607,0.932268
502,2026-03-27,09:20:51,377.351817,0.932268
503,2026-03-27,09:20:51,375.588438,0
504,2026-03-27,09:20:51,376.629123,0
505,2026-03-27,09:20:51,373.59381,0
506,2026-03-27,09:20:51,373.980457,0
507,2026-03-27,09:20:51,372.025605,0
508,2026-03-27,09:20:52,371.44745,0
509,2026-03-27,09:20:52,371.404078,0
510,2026-03-27,09:20:52,367.053494,0
511,2026-03-27,09:20:52,365.055269,0
512,2026-03-27,09:20:52,362.019957,0
513,2026-03-27,09:20:52,360.119302,0
514,2026-03-27,09:20:52,359.103933,0
515,2026-03-27,09:20:52,353.488644,0
516,2026-03-27,09:20:52,351.176025,0
517,2026-03-27,09:20:52,351.602412,0
518,2026-03-27,09:20:52,354.980966,0
519,2026-03-27,09:20:52,355.009881,0
520,2026-03-27,09:20:52,357.228528,0
521,2026-03-27,09:20:52,360.007275,0
522,2026-03-27,09:20:52,363.125666,0
523,2026-03-27,09:20:52,362.923332,0
524,2026-03-27,09:20:52,365.033583,0
525,2026-03-27,09:20:52,365.539452,0
526,2026-03-27,09:20:52,367.299199,0
527,2026-03-27,09:20:52,366.807788,0
528,2026-03-27,09:20:52,369.142059,0
529,2026-03-27,09:20:52,373.322822,0
530,2026-03-27,09:20:52,375.136767,0
531,2026-03-27,09:20:52,377.770975,0
532,2026-03-27,09:20:52,381.61206,0
533,2026-03-27,09:20:52,384.210125,0
534,2026-03-27,09:20:52,388.235489,0
535,2026-03-27,09:20:52,393.489448,0
536,2026-03-27,09:20:52,395.281708,0
537,2026-03-27,09:20:52,398.700036,0
538,2026-03-27,09:20:52,399.111966,0
539,2026-03-27,09:20:52,403.63597,0
540,2026-03-27,09:20:52,406.284636,0
541,2026-03-27,09:20:52,412.712959,0
542,2026-03-27,09:20:52,409.475313,0
543,2026-03-27,09:20:52,408.893527,0
544,2026-03-27,09:20:52,407.325321,0
545,2026-03-27,09:20:52,407.162694,0
546,2026-03-27,09:20:52,407.180782,0
547,2026-03-27,09:20:52,406.916988,0
548,2026-03-27,09:20:52,409.319914,0
549,2026-03-27,09:20:52,413.912607,0
550,2026-03-27,09:20:52,418.454699,0
551,2026-03-27,09:20:52,419.907315,0
552,2026-03-27,09:20:52,427.036646,0
553,2026-03-27,09:20:52,434.147889,0
554,2026-03-27,09:20:52,435.416225,0
555,2026-03-27,09:20:52,442.538294,0
556,2026-03-27,09:20:52,448.063276,0
557,2026-03-27,09:20:52,450.549315,0
558,2026-03-27,09:20:52,456.291054,0
559,2026-03-27,09:20:52,455.658702,0
560,2026-03-27,09:20:52,453.270233,0
561,2026-03-27,09:20:52,450.527629,0
562,2026-03-27,09:20:52,448.533002,0
563,2026-03-27,09:20:52,438.241908,0
564,2026-03-27,09:20:52,433.970838,0
565,2026-03-27,09:20:52,431.452254,1.998234
566,2026-03-27,09:20:52,430.624796,7.859238
567,2026-03-27,09:20:52,429.735878,25.930063
568,2026-03-27,09:20:52,433.819071,50.39307
569,2026-03-27,09:20:52,437.147058,77.55532
570,2026-03-27,09:20:52,436.666473,110.896552
571,2026-03-27,09:20:52,437.562586,137.993757
572,2026-03-27,09:20:52,435.437877,167.418013
573,2026-03-27,09:20:52,436.149745,201.630091
574,2026-03-27,09:20:52,436.944691,234.927969
575,2026-03-27,09:20:52,434.169575,259.477692
576,2026-03-27,09:20:52,433.511939,272.601714
577,2026-03-27,09:20:52,431.242692,285.162056
578,2026-03-27,09:20:52,429.887646,299.413456
579,2026-03-27,09:20:52,428.030328,313.361355
580,2026-03-27,09:20:52,425.746624,332.819746
581,2026-03-27,09:20:52,422.198248,352.541897
582,2026-03-27,09:20:52,419.184621,366.135661
583,2026-03-27,09:20:52,420.048256,377.008541
584,2026-03-27,09:20:52,417.229768,388.347516
585,2026-03-27,09:20:52,409.666821,394.732468
586,2026-03-27,09:20:52,403.729942,399.682893
587,2026-03-27,09:20:52,394.512045,406.631542
588,2026-03-27,09:20:52,381.666258,411.751789
589,2026-03-27,09:20:52,369.734671,411.451852
590,2026-03-27,09:20:52,354.565439,408.344287
591,2026-03-27,09:20:52,335.735769,405.424632
592,2026-03-27,09:20:52,313.487805,398.595238
593,2026-03-27,09:20:52,287.369843,392.383739
594,2026-03-27,09:20:52,260.883322,387.259861
595,2026-03-27,09:20:52,232.358801,380.065506
596,2026-03-27,09:20:52,203.613876,374.999457
597,2026-03-27,09:20:52,182.265656,370.15383
598,2026-03-27,09:20:52,154.297605,363.078697
599,2026-03-27,09:20:52,130.658469,361.098527
600,2026-03-27,09:20:52,112.782767,358.666686
601,2026-03-27,09:20:52,93.089505,358.240298
602,2026-03-27,09:20:52,78.165986,360.816678
603,2026-03-27,09:20:52,66.754738,364.325347
604,2026-03-27,09:20:52,55.256764,364.191634
605,2026-03-27,09:20:52,42.981898,363.443658
606,2026-03-27,09:20:52,34.067536,362.706507
607,2026-03-27,09:20:52,28.174012,362.858274
608,2026-03-27,09:20:52,21.322924,364.115751
609,2026-03-27,09:20:52,13.084275,367.024579
610,2026-03-27,09:20:52,9.969488,369.413082
611,2026-03-27,09:20:52,8.910749,377.734832
612,2026-03-27,09:20:52,9.969488,382.873134
613,2026-03-27,09:20:52,8.343439,390.670961
614,2026-03-27,09:20:52,7.754448,395.747836
615,2026-03-27,09:20:52,6.435541,400.524808
616,2026-03-27,09:20:52,3.935039,406.714621
617,2026-03-27,09:20:52,3.74714,410.523193
618,2026-03-27,09:20:52,3.562854,411.961351
619,2026-03-27,09:20:52,3.360502,413.677727
620,2026-03-27,09:20:52,3.168989,413.547646
621,2026-03-27,09:20:52,2.984703,411.444623
622,2026-03-27,09:20:52,2.594452,409.20429
623,2026-03-27,09:20:52,1.589915,410.490681
624,2026-03-27,09:20:52,1.387562,411.950526
625,2026-03-27,09:20:52,1.387562,409.457224
626,2026-03-27,09:20:52,1.185209,410.169092
627,2026-03-27,09:20:52,0.982856,414.382366
628,2026-03-27,09:20:52,0.982856,414.454619
629,2026-03-27,09:20:52,0,416.232455
630,2026-03-27,09:20:52,0,417.775377
631,2026-03-27,09:20:52,0,418.44747
632,2026-03-27,09:20:52,0,416.81061
633,2026-03-27,09:20:52,0,417.587501
634,2026-03-27,09:20:52,0,412.235972
635,2026-03-27,09:20:52,0,405.240353
636,2026-03-27,09:20:52,0,398.515723
637,2026-03-27,09:20:52,0,391.574302
638,2026-03-27,09:20:52,0,391.296085
639,2026-03-27,09:20:52,0,385.43509
640,2026-03-27,09:20:52,0,380.387095
641,2026-03-27,09:20:52,0,375.097027
642,2026-03-27,09:20:52,0,369.944234
643,2026-03-27,09:20:52,0,360.874507
644,2026-03-27,09:20:52,0,356.032478
645,2026-03-27,09:20:52,0,347.43251
646,2026-03-27,09:20:52,0,341.795535
647,2026-03-27,09:20:52,0,333.672521
648,2026-03-27,09:20:52,0,327.540503
649,2026-03-27,09:20:52,0,322.723791
650,2026-03-27,09:20:52,0,316.450832
651,2026-03-27,09:20:52,0,311.023453
652,2026-03-27,09:20:52,1.185209,307.034198
653,2026-03-27,09:20:52,1.589915,306.481361
654,2026-03-27,09:20:52,1.589915,303.40271
655,2026-03-27,09:20:52,1.589915,307.605125
656,2026-03-27,09:20:52,1.792267,308.331449
657,2026-03-27,09:20:52,1.792267,308.663865
658,2026-03-27,09:20:53,3.053359,307.073973
659,2026-03-27,09:20:53,3.454451,306.6259
660,2026-03-27,09:20:53,5.503273,303.897753
661,2026-03-27,09:20:53,8.527724,307.597896
662,2026-03-27,09:20:53,13.615451,311.590748
663,2026-03-27,09:20:53,18.753767,313.700999
664,2026-03-27,09:20:53,27.191156,315.366809
665,2026-03-27,09:20:53,34.790225,318.051583
666,2026-03-27,09:20:53,43.8961,317.469831
667,2026-03-27,09:20:53,49.869121,318.492428
668,2026-03-27,09:20:53,61.952471,316.013618
669,2026-03-27,09:20:53,71.538935,316.523118
670,2026-03-27,09:20:53,80.648427,321.01461
671,2026-03-27,09:20:53,99.174545,326.091519
672,2026-03-27,09:20:53,117.075539,331.132251
673,2026-03-27,09:20:53,133.921407,339.360063
674,2026-03-27,09:20:53,147.721145,349.846262
675,2026-03-27,09:20:53,154.438529,357.141818
676,2026-03-27,09:20:53,160.021307,361.452662
677,2026-03-27,09:20:53,161.37995,367.483479
678,2026-03-27,09:20:53,160.364582,373.012058
679,2026-03-27,09:20:53,158.71323,374.779035
680,2026-03-27,09:20:53,155.161223,378.580379
681,2026-03-27,09:20:53,149.37248,382.753912
682,2026-03-27,09:20:53,146.040895,387.165923
683,2026-03-27,09:20:53,142.467202,392.499364
684,2026-03-27,09:20:53,140.1293,396.600611
685,2026-03-27,09:20:53,137.491486,401.948509
686,2026-03-27,09:20:53,134.521239,402.996389
687,2026-03-27,09:20:53,130.622334,405.984732
688,2026-03-27,09:20:53,127.652088,411.00741
689,2026-03-27,09:20:53,122.737806,418.176482
690,2026-03-27,09:20:53,120.51915,420.611953
691,2026-03-27,09:20:53,114.654533,424.904709
692,2026-03-27,09:20:53,109.736637,427.990588
693,2026-03-27,09:20:53,105.404115,429.952669
694,2026-03-27,09:20:53,99.438322,432.521854
695,2026-03-27,09:20:53,94.964885,437.147058
696,2026-03-27,09:20:53,89.667579,440.760492
697,2026-03-27,09:20:53,80.926662,442.679235
698,2026-03-27,09:20:53,74.534481,444.31613
699,2026-03-27,09:20:53,67.448517,451.933241
700,2026-03-27,09:20:53,60.04096,456.164604
701,2026-03-27,09:20:53,53.916175,460.020146
702,2026-03-27,09:20:53,48.597188,462.372506
703,2026-03-27,09:20:53,41.67022,468.656257
704,2026-03-27,09:20:53,35.032325,468.392497
705,2026-03-27,09:20:53,29.153254,474.437771
706,2026-03-27,09:20:53,22.992335,475.995185
707,2026-03-27,09:20:53,17.55049,478.589619
708,2026-03-27,09:20:53,13.79251,482.11994
709,2026-03-27,09:20:53,8.834867,481.932063
710,2026-03-27,09:20:53,7.244952,483.905005
711,2026-03-27,09:20:53,5.915205,483.420788
712,2026-03-27,09:20:53,5.141929,483.879687
713,2026-03-27,09:20:53,4.19882,481.530959
714,2026-03-27,09:20:53,3.053359,479.36651
715,2026-03-27,09:20:53,3.053359,474.448631
716,2026-03-27,09:20:53,3.053359,472.547942
717,2026-03-27,09:20:53,1.99462,471.30852
718,2026-03-27,09:20:53,1.792267,468.923648
719,2026-03-27,09:20:53,1.589915,465.205417
720,2026-03-27,09:20:53,1.792267,462.708552
721,2026-03-27,09:20:53,1.589915,462.260479
722,2026-03-27,09:20:53,1.589915,461.028286
723,2026-03-27,09:20:53,1.589915,458.058031
724,2026-03-27,09:20:53,1.387562,454.57831
725,2026-03-27,09:20:53,1.387562,453.978469
726,2026-03-27,09:20:53,1.387562,454.05795
727,2026-03-27,09:20:53,1.185209,453.754416
728,2026-03-27,09:20:53,1.185209,454.556624
729,2026-03-27,09:20:53,1.185209,453.570136
730,2026-03-27,09:20:53,0.982856,453.259407
731,2026-03-27,09:20:53,0,454.220577
732,2026-03-27,09:20:53,0,453.68576
733,2026-03-27,09:20:53,0,452.941415
734,2026-03-27,09:20:53,0,450.097644
735,2026-03-27,09:20:53,0,449.212323
736,2026-03-27,09:20:53,0,446.596204
737,2026-03-27,09:20:53,0,444.876196
738,2026-03-27,09:20:53,0,442.361243
739,2026-03-27,09:20:53,0,439.745124
740,2026-03-27,09:20:53,0,440.803864
741,2026-03-27,09:20:53,0,438.98269
742,2026-03-27,09:20:53,0,436.99166
743,2026-03-27,09:20:53,0,438.729721
744,2026-03-27,09:20:53,0,437.486702
745,2026-03-27,09:20:53,0,435.575187
746,2026-03-27,09:20:53,0,433.475796
747,2026-03-27,09:20:53,0,434.794699
748,2026-03-27,09:20:53,0,435.441508
749,2026-03-27,09:20:53,0,436.774869
750,2026-03-27,09:20:53,0,435.954606
751,2026-03-27,09:20:53,0,435.394539
752,2026-03-27,09:20:53,0,436.966376
753,2026-03-27,09:20:53,0,432.53268
754,2026-03-27,09:20:53,0,436.146113
755,2026-03-27,09:20:53,0,433.35654
756,2026-03-27,09:20:53,0,436.290652
757,2026-03-27,09:20:53,0,438.47319
758,2026-03-27,09:20:53,0,441.150736
759,2026-03-27,09:20:53,0,445.877141
760,2026-03-27,09:20:53,0,445.595293
761,2026-03-27,09:20:53,0,448.934106
762,2026-03-27,09:20:53,0,451.629741
763,2026-03-27,09:20:53,0,456.713844
764,2026-03-27,09:20:53,0,460.88015
765,2026-03-27,09:20:53,0,463.109622
766,2026-03-27,09:20:53,0,466.990481
767,2026-03-27,09:20:53,0,464.923568
768,2026-03-27,09:20:53,0,466.683315
769,2026-03-27,09:20:53,0,462.231564
770,2026-03-27,09:20:53,0,461.530557
771,2026-03-27,09:20:53,0,458.581988
772,2026-03-27,09:20:53,0,454.928814
773,2026-03-27,09:20:53,0,452.995613
774,2026-03-27,09:20:53,0,449.815795
775,2026-03-27,09:20:53,0,441.653007
776,2026-03-27,09:20:53,0,434.812753
777,2026-03-27,09:20:53,0,422.765543
778,2026-03-27,09:20:53,0,407.430085
779,2026-03-27,09:20:53,0,390.107263
780,2026-03-27,09:20:53,0,369.217943
781,2026-03-27,09:20:53,0,349.322339
782,2026-03-27,09:20:53,0,326.07343
783,2026-03-27,09:20:53,0,298.972611
784,2026-03-27,09:20:53,0,273.143726
785,2026-03-27,09:20:53,0,252.102655
786,2026-03-27,09:20:53,0,230.964015
787,2026-03-27,09:20:53,0,211.603194
788,2026-03-27,09:20:53,0,190.511523
789,2026-03-27,09:20:53,0,167.175921
790,2026-03-27,09:20:53,0.950335,146.24686
791,2026-03-27,09:20:53,1.145461,129.433513
792,2026-03-27,09:20:53,5.268399,108.569493
793,2026-03-27,09:20:53,8.993858,86.393798
794,2026-03-27,09:20:53,14.150241,69.891205
795,2026-03-27,09:20:53,19.924523,54.183571
796,2026-03-27,09:20:53,25.561492,37.731566
797,2026-03-27,09:20:53,31.729638,23.490989
798,2026-03-27,09:20:53,35.755014,11.718394
799,2026-03-27,09:20:53,40.546439,4.567391
800,2026-03-27,09:20:53,49.482483,1.528486
801,2026-03-27,09:20:53,58.541384,1.528486
802,2026-03-27,09:20:53,70.180283,1.329747
803,2026-03-27,09:20:53,88.037913,1.329747
804,2026-03-27,09:20:53,123.435199,1.329747
805,2026-03-27,09:20:53,163.616686,1.329747
806,2026-03-27,09:20:53,206.685298,1.329747
807,2026-03-27,09:20:53,248.239885,1.131008
808,2026-03-27,09:20:53,283.442049,1.131008
809,2026-03-27,09:20:54,304.837237,1.131008
810,2026-03-27,09:20:54,318.275637,1.131008
811,2026-03-27,09:20:54,330.189135,0.932268
812,2026-03-27,09:20:54,344.361088,0
813,2026-03-27,09:20:54,354.796687,0.932268
814,2026-03-27,09:20:54,365.687622,0.932268
815,2026-03-27,09:20:54,378.500864,0
816,2026-03-27,09:20:54,393.424391,0
817,2026-03-27,09:20:54,403.415548,0
818,2026-03-27,09:20:54,411.209743,0.932268
819,2026-03-27,09:20:54,413.366998,0.932268
820,2026-03-27,09:20:54,419.686892,0.932268
821,2026-03-27,09:20:54,423.144961,0
822,2026-03-27,09:20:54,423.640004,0.932268
823,2026-03-27,09:20:54,422.303012,0.932268
824,2026-03-27,09:20:54,421.620093,0
825,2026-03-27,09:20:54,418.049997,0.932268
826,2026-03-27,09:20:54,413.030951,0
827,2026-03-27,09:20:54,407.343376,0
828,2026-03-27,09:20:54,399.932196,0
829,2026-03-27,09:20:54,395.480444,0
830,2026-03-27,09:20:54,388.174062,0
831,2026-03-27,09:20:54,382.24801,0
832,2026-03-27,09:20:54,377.713146,0
833,2026-03-27,09:20:54,371.902718,0
834,2026-03-27,09:20:54,370.956005,0
835,2026-03-27,09:20:54,365.803246,0
836,2026-03-27,09:20:54,361.279208,0
837,2026-03-27,09:20:54,358.514919,0
838,2026-03-27,09:20:54,358.280039,0
839,2026-03-27,09:20:54,354.413671,0
840,2026-03-27,09:20:54,356.592578,0
841,2026-03-27,09:20:54,358.60526,0
842,2026-03-27,09:20:54,360.234926,0
843,2026-03-27,09:20:54,360.140987,0
844,2026-03-27,09:20:54,363.862816,0
845,2026-03-27,09:20:54,364.014584,0
846,2026-03-27,09:20:54,366.114009,0
847,2026-03-27,09:20:54,369.55399,0
848,2026-03-27,09:20:54,373.196338,0
849,2026-03-27,09:20:54,376.249705,0
850,2026-03-27,09:20:54,379.99322,0
851,2026-03-27,09:20:54,384.853304,0
852,2026-03-27,09:20:54,388.127093,0
853,2026-03-27,09:20:54,389.8471,0
854,2026-03-27,09:20:54,392.730612,0
855,2026-03-27,09:20:54,393.290712,0
856,2026-03-27,09:20:54,398.284475,0
857,2026-03-27,09:20:54,397.977343,0
858,2026-03-27,09:20:54,399.234819,0
859,2026-03-27,09:20:54,395.903201,0
860,2026-03-27,09:20:54,395.671952,0
861,2026-03-27,09:20:54,394.916747,0
862,2026-03-27,09:20:54,390.862469,0
863,2026-03-27,09:20:54,390.067523,0
864,2026-03-27,09:20:54,389.662787,0
865,2026-03-27,09:20:54,387.31769,0
866,2026-03-27,09:20:54,385.789191,0
867,2026-03-27,09:20:54,384.40523,0
868,2026-03-27,09:20:54,383.809021,0
869,2026-03-27,09:20:54,383.639199,0
870,2026-03-27,09:20:54,385.366435,0
871,2026-03-27,09:20:54,389.57248,0
872,2026-03-27,09:20:54,391.180461,0
873,2026-03-27,09:20:54,394.244654,0
874,2026-03-27,09:20:54,398.858998,2.677561
875,2026-03-27,09:20:54,399.906912,22.143176
876,2026-03-27,09:20:54,403.415548,44.405595
877,2026-03-27,09:20:54,407.650508,55.69399
878,2026-03-27,09:20:54,407.599941,60.301127
879,2026-03-27,09:20:54,406.891705,67.069108
880,2026-03-27,09:20:54,410.577391,76.279772
881,2026-03-27,09:20:54,412.470851,88.26917
882,2026-03-27,09:20:54,415.78075,97.682189
883,2026-03-27,09:20:54,418.873858,105.44025
884,2026-03-27,09:20:54,421.710434,113.324787
885,2026-03-27,09:20:54,428.803622,121.997049
886,2026-03-27,09:20:54,431.33663,134.604352
887,2026-03-27,09:20:54,435.849807,152.808863
888,2026-03-27,09:20:54,443.571751,181.199687
889,2026-03-27,09:20:54,445.63863,229.276537
890,2026-03-27,09:20:54,447.929564,266.205919
891,2026-03-27,09:20:54,452.594509,290.701461
892,2026-03-27,09:20:54,456.424767,308.132713
893,2026-03-27,09:20:54,454.361485,317.444548
894,2026-03-27,09:20:54,455.651473,329.448387
895,2026-03-27,09:20:54,454.874616,350.727951
896,2026-03-27,09:20:54,456.124864,365.824932
897,2026-03-27,09:20:54,457.888209,379.574061
898,2026-03-27,09:20:54,455.001066,389.861558
899,2026-03-27,09:20:54,449.761564,401.944877
900,2026-03-27,09:20:54,441.078484,411.845727
901,2026-03-27,09:20:54,431.145122,421.695977
902,2026-03-27,09:20:54,418.841346,432.57242
903,2026-03-27,09:20:54,409.52588,436.460508
904,2026-03-27,09:20:54,396.145309,440.16788
905,2026-03-27,09:20:54,378.79717,444.821999
906,2026-03-27,09:20:54,360.719142,444.68832
907,2026-03-27,09:20:54,338.630141,444.45344
908,2026-03-27,09:20:54,317.805878,442.140821
909,2026-03-27,09:20:54,295.637429,440.193197
910,2026-03-27,09:20:54,275.069698,436.221997
911,2026-03-27,09:20:54,249.808124,431.492028
912,2026-03-27,09:20:54,222.635036,424.832422
913,2026-03-27,09:20:54,195.595643,421.424954
914,2026-03-27,09:20:54,166.933813,415.090602
915,2026-03-27,09:20:54,139.09586,411.249518
916,2026-03-27,09:20:54,117.234526,404.022617
917,2026-03-27,09:20:54,95.709256,398.461525
918,2026-03-27,09:20:54,81.768594,389.937407
919,2026-03-27,09:20:54,72.73137,383.064642
920,2026-03-27,09:20:54,61.157516,380.408781
921,2026-03-27,09:20:54,46.01719,377.098848
922,2026-03-27,09:20:54,27.021323,371.58476
923,2026-03-27,09:20:54,8.072431,368.321796
924,2026-03-27,09:20:54,2.843779,363.512313
925,2026-03-27,09:20:54,1.387562,364.242235
926,2026-03-27,09:20:54,1.589915,360.896193
927,2026-03-27,09:20:54,1.589915,357.738027
928,2026-03-27,09:20:54,1.792267,358.384837
929,2026-03-27,09:20:54,1.99462,353.53921
930,2026-03-27,09:20:54,3.053359,356.285446
931,2026-03-27,09:20:54,3.053359,360.993762
932,2026-03-27,09:20:54,3.053359,361.904332
933,2026-03-27,09:20:54,3.053359,366.15375
934,2026-03-27,09:20:54,3.053359,365.481657
935,2026-03-27,09:20:54,2.851006,370.468191
936,2026-03-27,09:20:54,2.851006,373.796178
937,2026-03-27,09:20:54,2.648653,375.198193
938,2026-03-27,09:20:54,1.589915,380.332898
939,2026-03-27,09:20:54,1.387562,384.661796
940,2026-03-27,09:20:54,1.387562,389.529109
941,2026-03-27,09:20:54,1.185209,395.274479
942,2026-03-27,09:20:54,1.185209,397.742463
943,2026-03-27,09:20:54,0.982856,404.98019
944,2026-03-27,09:20:54,0.982856,409.193464
945,2026-03-27,09:20:54,0,413.406738
946,2026-03-27,09:20:54,0,416.059001
947,2026-03-27,09:20:54,0,417.39959
948,2026-03-27,09:20:54,0,419.227993
949,2026-03-27,09:20:54,0,422.657147
950,2026-03-27,09:20:54,0,425.591259
951,2026-03-27,09:20:54,0,429.500999
952,2026-03-27,09:20:54,0,434.187629
953,2026-03-27,09:20:54,0,440.276275
954,2026-03-27,09:20:54,0,449.794109
955,2026-03-27,09:20:54,0,457.263085
956,2026-03-27,09:20:54,0,459.091487
957,2026-03-27,09:20:54,0,463.731149
958,2026-03-27,09:20:54,0,463.879285
959,2026-03-27,09:20:55,0,466.611063
960,2026-03-27,09:20:55,0,466.84954
961,2026-03-27,09:20:55,0,468.020307
962,2026-03-27,09:20:55,0,467.098877
963,2026-03-27,09:20:55,0,466.607432
964,2026-03-27,09:20:55,0,462.437529
965,2026-03-27,09:20:55,0,458.021921
966,2026-03-27,09:20:55,0,455.8141
967,2026-03-27,09:20:55,0,445.588064
968,2026-03-27,09:20:55,0,437.533705
969,2026-03-27,09:20:55,0,431.564281
970,2026-03-27,09:20:55,0,425.902022
971,2026-03-27,09:20:55,0,420.705892
972,2026-03-27,09:20:55,0,409.623449
973,2026-03-27,09:20:55,0,399.769602
974,2026-03-27,09:20:55,0,386.75759
975,2026-03-27,09:20:55,0,374.84769
976,2026-03-27,09:20:55,0,350.344936
977,2026-03-27,09:20:55,0,331.493614
978,2026-03-27,09:20:55,0,309.339589
979,2026-03-27,09:20:55,0,284.247837
980,2026-03-27,09:20:55,0,256.081067
981,2026-03-27,09:20:55,0,227.379479
982,2026-03-27,09:20:55,0,197.221695
983,2026-03-27,09:20:55,0,170.005252
984,2026-03-27,09:20:55,0,148.234259
985,2026-03-27,09:20:55,0,124.725196
986,2026-03-27,09:20:55,0,102.155635
987,2026-03-27,09:20:55,0,84.120945
988,2026-03-27,09:20:55,0,68.406082
989,2026-03-27,09:20:55,0,54.060714
990,2026-03-27,09:20:55,2.323444,38.584341
991,2026-03-27,09:20:55,23.671663,28.817203
992,2026-03-27,09:20:55,43.747951,22.659898
993,2026-03-27,09:20:55,58.7076,14.775367
994,2026-03-27,09:20:55,70.433221,5.138315
995,2026-03-27,09:20:55,84.94842,3.812182
996,2026-03-27,09:20:55,105.743785,3.891677
997,2026-03-27,09:20:55,126.766792,4.693862
998,2026-03-27,09:20:55,148.042734,2.594452
999,2026-03-27,09:20:55,168.176849,2.594452
1000,2026-03-27,09:20:55,189.774389,2.395712
1001,2026-03-27,09:20:55,225.092177,2.395712
1002,2026-03-27,09:20:55,261.428948,1.329747
1003,2026-03-27,09:20:55,292.244384,1.329747
1004,2026-03-27,09:20:55,315.626971,1.329747
1005,2026-03-27,09:20:55,324.187233,1.329747
1006,2026-03-27,09:20:55,329.950658,1.131008
1007,2026-03-27,09:20:55,337.622001,1.131008
1008,2026-03-27,09:20:55,347.241002,1.131008
1009,2026-03-27,09:20:55,355.822915,1.131008
1010,2026-03-27,09:20:55,364.766192,0.932268
1011,2026-03-27,09:20:55,377.275933,0.932268
1012,2026-03-27,09:20:55,389.048523,0.932268
1013,2026-03-27,09:20:55,396.759607,0.932268
1014,2026-03-27,09:20:55,407.477088,0.932268
1015,2026-03-27,09:20:55,409.8511,0.932268
1016,2026-03-27,09:20:55,411.41934,0.932268
1017,2026-03-27,09:20:55,411.126665,0.932268
1018,2026-03-27,09:20:55,414.346223,0
1019,2026-03-27,09:20:55,412.239603,0
1020,2026-03-27,09:20:55,412.449165,0
1021,2026-03-27,09:20:55,409.244031,0
1022,2026-03-27,09:20:55,405.496918,0
1023,2026-03-27,09:20:55,403.451691,0
1024,2026-03-27,09:20:55,398.194134,0
1025,2026-03-27,09:20:55,393.001635,0
1026,2026-03-27,09:20:55,389.576078,0
1027,2026-03-27,09:20:55,387.342973,0
1028,2026-03-27,09:20:55,385.742222,0
1029,2026-03-27,09:20:55,385.070129,0
1030,2026-03-27,09:20:55,383.252552,0
1031,2026-03-27,09:20:55,379.913739,0
1032,2026-03-27,09:20:55,379.794483,0
1033,2026-03-27,09:20:55,378.457526,0
1034,2026-03-27,09:20:55,375.924484,0
1035,2026-03-27,09:20:55,375.704062,0
1036,2026-03-27,09:20:55,376.271391,0
1037,2026-03-27,09:20:55,373.608268,0
1038,2026-03-27,09:20:55,371.830466,0
1039,2026-03-27,09:20:55,373.810635,0
1040,2026-03-27,09:20:55,372.925349,0
1041,2026-03-27,09:20:55,375.241565,0
1042,2026-03-27,09:20:55,379.487351,0
1043,2026-03-27,09:20:55,380.018537,0
1044,2026-03-27,09:20:55,382.880362,0
1045,2026-03-27,09:20:55,387.686249,0
1046,2026-03-27,09:20:55,390.851609,0
1047,2026-03-27,09:20:55,393.532786,0
1048,2026-03-27,09:20:55,396.943886,0
1049,2026-03-27,09:20:55,402.183388,0
1050,2026-03-27,09:20:55,404.141872,0
1051,2026-03-27,09:20:55,408.174465,0
1052,2026-03-27,09:20:55,409.648766,0
1053,2026-03-27,09:20:55,411.433797,0
1054,2026-03-27,09:20:55,412.908065,0
1055,2026-03-27,09:20:55,412.687642,0
1056,2026-03-27,09:20:55,414.718413,0
1057,2026-03-27,09:20:55,411.665045,0
1058,2026-03-27,09:20:55,412.727417,0
1059,2026-03-27,09:20:55,412.160088,0
1060,2026-03-27,09:20:55,414.479936,0
1061,2026-03-27,09:20:55,413.934293,0
1062,2026-03-27,09:20:55,414.837668,0
1063,2026-03-27,09:20:55,416.98766,0
1064,2026-03-27,09:20:55,418.40773,0
1065,2026-03-27,09:20:55,420.044625,0
1066,2026-03-27,09:20:55,421.63455,0
1067,2026-03-27,09:20:55,424.221756,0
1068,2026-03-27,09:20:55,425.699655,0
1069,2026-03-27,09:20:55,428.026731,2.19336
1070,2026-03-27,09:20:55,428.243522,6.316297
1071,2026-03-27,09:20:55,430.754878,13.160158
1072,2026-03-27,09:20:55,431.087293,28.202918
1073,2026-03-27,09:20:55,429.511858,50.960382
1074,2026-03-27,09:20:55,429.54437,81.3133
1075,2026-03-27,09:20:55,430.884959,117.624779
1076,2026-03-27,09:20:55,429.782847,150.662485
1077,2026-03-27,09:20:55,432.048497,182.941363
1078,2026-03-27,09:20:55,433.472164,219.953858
1079,2026-03-27,09:20:55,437.501159,262.718953
1080,2026-03-27,09:20:55,441.642181,295.456747
1081,2026-03-27,09:20:55,444.218561,311.94848
1082,2026-03-27,09:20:55,446.888878,319.200664
1083,2026-03-27,09:20:55,450.354176,322.752672
1084,2026-03-27,09:20:55,449.002761,334.380757
1085,2026-03-27,09:20:55,446.274614,345.900413
1086,2026-03-27,09:20:55,445.663948,357.369469
1087,2026-03-27,09:20:55,439.936631,368.227858
1088,2026-03-27,09:20:55,437.952864,379.364498
1089,2026-03-27,09:20:55,429.587742,388.134322
1090,2026-03-27,09:20:55,422.129593,392.6981
1091,2026-03-27,09:20:55,414.31008,389.969953
1092,2026-03-27,09:20:55,399.849083,388.784729
1093,2026-03-27,09:20:55,391.26717,386.952729
1094,2026-03-27,09:20:55,382.302208,383.057413
1095,2026-03-27,09:20:55,374.088853,380.531634
1096,2026-03-27,09:20:55,362.822165,379.216328
1097,2026-03-27,09:20:55,348.76587,375.660724
1098,2026-03-27,09:20:55,330.799835,371.176427
1099,2026-03-27,09:20:55,309.148081,366.981207
1100,2026-03-27,09:20:55,285.331878,364.047096
1101,2026-03-27,09:20:55,256.61585,356.870795
1102,2026-03-27,09:20:55,229.262096,353.568125
1103,2026-03-27,09:20:55,200.683378,350.391905
1104,2026-03-27,09:20:55,166.568852,347.761328
1105,2026-03-27,09:20:55,138.835689,348.863406
1106,2026-03-27,09:20:55,116.136046,350.070316
1107,2026-03-27,09:20:55,93.056985,351.779463
1108,2026-03-27,09:20:55,72.977084,352.834606
1109,2026-03-27,09:20:55,49.601726,355.902396
1110,2026-03-27,09:20:56,39.419044,355.598895
1111,2026-03-27,09:20:56,26.229979,355.97828
1112,2026-03-27,09:20:56,15.028307,360.993762
1113,2026-03-27,09:20:56,7.060667,361.492402
1114,2026-03-27,09:20:56,3.32798,363.331631
1115,2026-03-27,09:20:56,3.158149,368.079722
1116,2026-03-27,09:20:56,3.158149,372.274908
1117,2026-03-27,09:20:56,3.360502,377.832402
1118,2026-03-27,09:20:56,3.360502,383.49466
1119,2026-03-27,09:20:56,3.360502,389.590535
1120,2026-03-27,09:20:56,3.168989,391.357511
1121,2026-03-27,09:20:56,2.966636,395.953801
1122,2026-03-27,09:20:56,2.782351,396.24651
1123,2026-03-27,09:20:56,2.579998,399.563637
1124,2026-03-27,09:20:56,2.392099,409.168181
1125,2026-03-27,09:20:56,1.185209,416.405874
1126,2026-03-27,09:20:56,1.185209,424.695112
1127,2026-03-27,09:20:56,0.982856,429.136037
1128,2026-03-27,09:20:56,0.982856,432.930153
1129,2026-03-27,09:20:56,0,435.560764
1130,2026-03-27,09:20:56,0,432.933784
1131,2026-03-27,09:20:56,0,434.144291
1132,2026-03-27,09:20:56,0,434.830842
1133,2026-03-27,09:20:56,0,433.063866
1134,2026-03-27,09:20:56,0,429.887646
1135,2026-03-27,09:20:56,0,425.327465
1136,2026-03-27,09:20:56,0,422.581264
1137,2026-03-27,09:20:56,0,420.510753
1138,2026-03-27,09:20:56,0,421.873027
1139,2026-03-27,09:20:56,0,423.827914
1140,2026-03-27,09:20:56,0,426.953534
1141,2026-03-27,09:20:56,0,431.195722
1142,2026-03-27,09:20:56,0,431.000583
1143,2026-03-27,09:20:56,0,431.52454
1144,2026-03-27,09:20:56,0,431.177634
1145,2026-03-27,09:20:56,0,429.016816
1146,2026-03-27,09:20:56,0,422.69329
1147,2026-03-27,09:20:56,0,420.080768
1148,2026-03-27,09:20:56,0,411.809584
1149,2026-03-27,09:20:56,0,404.228582
1150,2026-03-27,09:20:56,0,397.532867
1151,2026-03-27,09:20:56,0,392.925751
1152,2026-03-27,09:20:56,0,385.019528
1153,2026-03-27,09:20:56,0,376.473725
1154,2026-03-27,09:20:56,0,369.496194
1155,2026-03-27,09:20:56,0,360.191554
1156,2026-03-27,09:20:56,0,351.927633
1157,2026-03-27,09:20:56,0,344.014182
1158,2026-03-27,09:20:56,0,335.450323
1159,2026-03-27,09:20:56,0,331.197308
1160,2026-03-27,09:20:56,0,326.676868
1161,2026-03-27,09:20:56,0,322.85747
1162,2026-03-27,09:20:56,0,319.858334
1163,2026-03-27,09:20:56,0,314.105735
1164,2026-03-27,09:20:56,0,307.890605
1165,2026-03-27,09:20:56,0,304.266311
1166,2026-03-27,09:20:56,0,299.160522
1167,2026-03-27,09:20:56,3.859157,295.969844
1168,2026-03-27,09:20:56,6.251256,291.438578
1169,2026-03-27,09:20:56,13.586544,289.216334
1170,2026-03-27,09:20:56,26.949054,285.823289
1171,2026-03-27,09:20:56,40.087531,284.05633
1172,2026-03-27,09:20:56,54.306428,283.044559
1173,2026-03-27,09:20:56,66.949865,278.957769
1174,2026-03-27,09:20:56,80.35935,277.313645
1175,2026-03-27,09:20:56,89.508583,278.560279
1176,2026-03-27,09:20:56,100.663278,279.420282
1177,2026-03-27,09:20:56,108.298487,279.441968
1178,2026-03-27,09:20:56,113.180248,280.316412
1179,2026-03-27,09:20:56,117.314024,281.013805
1180,2026-03-27,09:20:56,121.530913,281.581117
1181,2026-03-27,09:20:56,124.407213,280.854826
1182,2026-03-27,09:20:56,125.151583,282.426663
1183,2026-03-27,09:20:56,128.837295,283.951548
1184,2026-03-27,09:20:56,127.507549,282.339954
1185,2026-03-27,09:20:56,127.012506,279.640705
1186,2026-03-27,09:20:56,129.523845,277.573808
1187,2026-03-27,09:20:56,131.200489,274.278349
1188,2026-03-27,09:20:56,132.443508,271.832052
1189,2026-03-27,09:20:56,137.119304,269.255672
1190,2026-03-27,09:20:56,138.593589,268.865411
1191,2026-03-27,09:20:56,141.15552,265.324247
1192,2026-03-27,09:20:56,142.113084,262.899618
1193,2026-03-27,09:20:56,143.453673,257.956438
1194,2026-03-27,09:20:56,145.498884,255.206606
1195,2026-03-27,09:20:56,145.899971,253.443244
1196,2026-03-27,09:20:56,147.576606,256.26896
1197,2026-03-27,09:20:56,147.551306,256.062995
1198,2026-03-27,09:20:56,150.257784,260.261812
1199,2026-03-27,09:20:56,150.590216,260.923079
1200,2026-03-27,09:20:56,152.805266,262.252825
1201,2026-03-27,09:20:56,154.312062,261.830052
1202,2026-03-27,09:20:56,155.244335,260.297938
1203,2026-03-27,09:20:56,157.271474,260.449705
1204,2026-03-27,09:20:56,160.089962,257.826357
1205,2026-03-27,09:20:56,162.218268,256.446011
1206,2026-03-27,09:20:56,163.866005,255.755846
1207,2026-03-27,09:20:56,164.989786,255.025941
1208,2026-03-27,09:20:56,166.106338,252.724165
1209,2026-03-27,09:20:56,168.306931,249.631057
1210,2026-03-27,09:20:56,168.592394,248.796354
1211,2026-03-27,09:20:56,169.174146,247.723173
1212,2026-03-27,09:20:56,172.787596,246.10435
1213,2026-03-27,09:20:56,175.39289,243.144938
1214,2026-03-27,09:20:56,175.952973,243.480985
1215,2026-03-27,09:20:56,175.345904,242.25602
1216,2026-03-27,09:20:56,176.690107,244.062754
1217,2026-03-27,09:20:56,177.575411,241.815192
1218,2026-03-27,09:20:56,174.60877,243.98687
1219,2026-03-27,09:20:56,179.056924,240.022916
1220,2026-03-27,09:20:56,181.785071,240.225267
1221,2026-03-27,09:20:56,183.823053,239.643514
1222,2026-03-27,09:20:56,187.129354,235.712089
1223,2026-03-27,09:20:56,187.14018,237.356195
1224,2026-03-27,09:20:56,190.919855,233.775274
1225,2026-03-27,09:20:56,192.061691,232.976714
1226,2026-03-27,09:20:56,192.571191,233.789731
1227,2026-03-27,09:20:56,192.376068,233.890915
1228,2026-03-27,09:20:56,194.620016,232.319061
1229,2026-03-27,09:20:56,197.232538,233.338043
1230,2026-03-27,09:20:56,199.339175,233.605452
1231,2026-03-27,09:20:56,200.387072,232.304604
1232,2026-03-27,09:20:56,202.161277,232.358801
1233,2026-03-27,09:20:56,201.203704,230.855619
1234,2026-03-27,09:20:56,203.603033,232.39133
1235,2026-03-27,09:20:56,203.949922,231.870988
1236,2026-03-27,09:20:56,203.967994,229.251253
1237,2026-03-27,09:20:56,205.052017,231.285621
1238,2026-03-27,09:20:56,207.057487,232.832175
1239,2026-03-27,09:20:56,207.267067,235.000238
1240,2026-03-27,09:20:56,209.691679,235.798799
1241,2026-03-27,09:20:56,208.961774,236.810569
1242,2026-03-27,09:20:56,209.951859,239.083431
1243,2026-03-27,09:20:56,210.432444,239.31468
1244,2026-03-27,09:20:56,210.277062,238.125858
1245,2026-03-27,09:20:56,210.107223,235.159234
1246,2026-03-27,09:20:56,211.751347,235.737372
1247,2026-03-27,09:20:56,212.007895,234.671404
1248,2026-03-27,09:20:56,212.31143,233.269388
1249,2026-03-27,09:20:56,212.755889,235.01831
1250,2026-03-27,09:20:56,213.297901,235.343514
1251,2026-03-27,09:20:56,215.169658,237.65973
1252,2026-03-27,09:20:56,214.2916,240.080728
1253,2026-03-27,09:20:56,214.512022,242.924516
1254,2026-03-27,09:20:56,218.566301,245.443083
1255,2026-03-27,09:20:56,215.552691,248.644586
1256,2026-03-27,09:20:56,216.170586,251.632913
1257,2026-03-27,09:20:56,214.107304,257.519208
1258,2026-03-27,09:20:56,216.318739,263.550042
1259,2026-03-27,09:20:56,215.617731,272.160869
1260,2026-03-27,09:20:57,215.870666,281.046334
1261,2026-03-27,09:20:57,216.886051,292.710512
1262,2026-03-27,09:20:57,217.016132,305.415392
1263,2026-03-27,09:20:57,216.083859,317.780595
1264,2026-03-27,09:20:57,215.751427,330.49267
1265,2026-03-27,09:20:57,218.736122,341.661822
1266,2026-03-27,09:20:57,219.046886,354.204075
1267,2026-03-27,09:20:57,218.443448,365.853812
1268,2026-03-27,09:20:57,218.400076,374.197282
1269,2026-03-27,09:20:57,217.644871,386.403489
1270,2026-03-27,09:20:57,215.729741,400.528439
1271,2026-03-27,09:20:57,217.059487,415.068917
1272,2026-03-27,09:20:57,213.420753,429.706964
1273,2026-03-27,09:20:57,213.771257,444.883425
1274,2026-03-27,09:20:57,211.505624,461.234251
1275,2026-03-27,09:20:57,207.393534,475.362832
1276,2026-03-27,09:20:57,205.579588,485.252822
1277,2026-03-27,09:20:57,201.669849,496.808587
1278,2026-03-27,09:20:57,197.640854,501.827667
1279,2026-03-27,09:20:57,188.188094,503.522391
1280,2026-03-27,09:20:57,178.648591,502.720183
1281,2026-03-27,09:20:57,166.550797,501.437423
1282,2026-03-27,09:20:57,152.776351,495.995587
1283,2026-03-27,09:20:57,135.81485,491.590805
1284,2026-03-27,09:20:57,121.339397,486.441643
1285,2026-03-27,09:20:57,105.349918,479.77844
1286,2026-03-27,09:20:57,86.733459,474.510057
1287,2026-03-27,09:20:57,68.427759,469.111559
1288,2026-03-27,09:20:57,48.503241,459.456448
1289,2026-03-27,09:20:57,36.286191,453.660477
1290,2026-03-27,09:20:57,22.002252,448.547459
1291,2026-03-27,09:20:57,15.042761,442.74789
1292,2026-03-27,09:20:57,7.143776,438.075717
1293,2026-03-27,09:20:57,5.423777,433.862443
1294,2026-03-27,09:20:57,2.171679,432.825389
1295,2026-03-27,09:20:57,1.626049,426.78008
1296,2026-03-27,09:20:57,1.261091,428.229065
1297,2026-03-27,09:20:57,0,427.849646
1298,2026-03-27,09:20:57,0,428.384463
1299,2026-03-27,09:20:57,0,429.009587
1300,2026-03-27,09:20:57,0,429.12158
1301,2026-03-27,09:20:57,0,431.19932
1302,2026-03-27,09:20:57,0,433.692587
1303,2026-03-27,09:20:57,0,437.533705
1304,2026-03-27,09:20:57,0,440.348562
1305,2026-03-27,09:20:57,0,442.924941
1306,2026-03-27,09:20:57,0,444.756975
1307,2026-03-27,09:20:57,0,446.455262
1308,2026-03-27,09:20:57,0,448.196955
1309,2026-03-27,09:20:57,0,448.496859
1310,2026-03-27,09:20:57,0,448.113843
1311,2026-03-27,09:20:57,0,449.59897
1312,2026-03-27,09:20:57,0,451.311749
1313,2026-03-27,09:20:57,0,451.618881
1314,2026-03-27,09:20:57,0,453.075094
1315,2026-03-27,09:20:57,0,452.066954
1316,2026-03-27,09:20:57,0,451.748962
1317,2026-03-27,09:20:57,0,452.619826
1318,2026-03-27,09:20:57,0,453.114868
1319,2026-03-27,09:20:57,0,452.937784
1320,2026-03-27,09:20:57,0,451.673079
1321,2026-03-27,09:20:57,0,449.479715
1322,2026-03-27,09:20:57,0,447.452576
1323,2026-03-27,09:20:57,0,445.851824
1324,2026-03-27,09:20:57,0,440.850833
1325,2026-03-27,09:20:57,0,437.797465
1326,2026-03-27,09:20:57,0,432.30866
1327,2026-03-27,09:20:57,0,427.188413
1328,2026-03-27,09:20:57,0,424.705972
1329,2026-03-27,09:20:57,0,422.700519
1330,2026-03-27,09:20:57,0,418.45833
1331,2026-03-27,09:20:57,0,416.481758
1332,2026-03-27,09:20:57,0,415.28211
1333,2026-03-27,09:20:57,0,414.570277
1334,2026-03-27,09:20:57,0,418.219853
1335,2026-03-27,09:20:57,0,419.75195
1336,2026-03-27,09:20:57,0,423.405124
1337,2026-03-27,09:20:57,0,422.559578
1338,2026-03-27,09:20:57,0,431.083696
1339,2026-03-27,09:20:57,0,433.8769
1340,2026-03-27,09:20:57,0,434.343028
1341,2026-03-27,09:20:57,0,434.726044
1342,2026-03-27,09:20:57,0,431.065641
1343,2026-03-27,09:20:57,0,430.794618
1344,2026-03-27,09:20:57,0,428.0231
1345,2026-03-27,09:20:57,0,424.778225
1346,2026-03-27,09:20:57,0,422.042849
1347,2026-03-27,09:20:57,0,419.246048
1348,2026-03-27,09:20:57,0,413.905378
1349,2026-03-27,09:20:57,0,406.649597
1350,2026-03-27,09:20:57,0,396.232052
1351,2026-03-27,09:20:57,0,383.021304
1352,2026-03-27,09:20:57,0,371.537791
1353,2026-03-27,09:20:57,0,358.803996
1354,2026-03-27,09:20:57,0,341.242663
1355,2026-03-27,09:20:57,0,324.169144
1356,2026-03-27,09:20:57,0,307.789438
1357,2026-03-27,09:20:57,0,287.279536
1358,2026-03-27,09:20:57,0,268.666674
1359,2026-03-27,09:20:57,0,249.179386
1360,2026-03-27,09:20:57,0,224.521251
1361,2026-03-27,09:20:57,0,202.999595
1362,2026-03-27,09:20:57,0,184.318095
1363,2026-03-27,09:20:57,0,159.407009
1364,2026-03-27,09:20:57,0,133.173422
1365,2026-03-27,09:20:57,0,106.358066
1366,2026-03-27,09:20:57,0,86.704553
1367,2026-03-27,09:20:57,0,63.925412
1368,2026-03-27,09:20:57,0,47.281895
1369,2026-03-27,09:20:57,1.145461,28.994262
1370,2026-03-27,09:20:57,15.386039,17.579398
1371,2026-03-27,09:20:57,30.17586,7.013692
1372,2026-03-27,09:20:57,41.681058,4.733609
1373,2026-03-27,09:20:57,51.892646,3.635123
1374,2026-03-27,09:20:57,62.143983,3.436384
1375,2026-03-27,09:20:57,73.150529,2.395712
1376,2026-03-27,09:20:57,85.728925,2.395712
1377,2026-03-27,09:20:57,102.061688,2.395712
1378,2026-03-27,09:20:57,120.378226,1.131008
1379,2026-03-27,09:20:57,141.766195,1.131008
1380,2026-03-27,09:20:57,169.867925,1.131008
1381,2026-03-27,09:20:57,197.666154,0.932268
1382,2026-03-27,09:20:57,231.094096,0.932268
1383,2026-03-27,09:20:57,263.195924,0.932268
1384,2026-03-27,09:20:57,290.614718,0
1385,2026-03-27,09:20:57,316.50503,0
1386,2026-03-27,09:20:57,338.518148,0
1387,2026-03-27,09:20:57,363.974843,0
1388,2026-03-27,09:20:57,387.075582,0
1389,2026-03-27,09:20:57,417.041858,0
1390,2026-03-27,09:20:57,441.475957,0
1391,2026-03-27,09:20:57,462.636266,0
1392,2026-03-27,09:20:57,475.857874,0
1393,2026-03-27,09:20:57,485.90686,0
1394,2026-03-27,09:20:57,493.776906,0
1395,2026-03-27,09:20:57,495.851048,0
1396,2026-03-27,09:20:57,493.021701,0
1397,2026-03-27,09:20:57,491.175243,0
1398,2026-03-27,09:20:57,482.900462,0
1399,2026-03-27,09:20:57,475.54348,0
1400,2026-03-27,09:20:57,465.69323,0
1401,2026-03-27,09:20:57,457.295597,0
1402,2026-03-27,09:20:57,447.015362,0
1403,2026-03-27,09:20:57,437.624012,0
1404,2026-03-27,09:20:57,427.159499,0
1405,2026-03-27,09:20:57,416.644385,0
1406,2026-03-27,09:20:57,410.028151,0
1407,2026-03-27,09:20:57,404.391209,0
1408,2026-03-27,09:20:57,395.169681,0
1409,2026-03-27,09:20:57,394.457848,0
1410,2026-03-27,09:20:58,390.692647,0
1411,2026-03-27,09:20:58,389.482139,0
1412,2026-03-27,09:20:58,385.507342,0
1413,2026-03-27,09:20:58,385.655478,0
1414,2026-03-27,09:20:58,383.96442,0
1415,2026-03-27,09:20:58,383.277835,0
1416,2026-03-27,09:20:58,386.685338,0
1417,2026-03-27,09:20:58,388.806415,0
1418,2026-03-27,09:20:58,390.710701,0
1419,2026-03-27,09:20:58,394.287992,0
1420,2026-03-27,09:20:58,397.489529,0
1421,2026-03-27,09:20:58,401.142703,0
1422,2026-03-27,09:20:58,402.074993,0
1423,2026-03-27,09:20:58,403.346893,0
1424,2026-03-27,09:20:58,406.552027,0
1425,2026-03-27,09:20:58,409.771619,0
1426,2026-03-27,09:20:58,413.276657,0
1427,2026-03-27,09:20:58,417.099687,0
1428,2026-03-27,09:20:58,417.045455,0
1429,2026-03-27,09:20:58,418.964199,0
1430,2026-03-27,09:20:58,420.774547,0
1431,2026-03-27,09:20:58,417.750094,0
1432,2026-03-27,09:20:58,417.688668,0
1433,2026-03-27,09:20:58,413.887324,0
1434,2026-03-27,09:20:58,412.853867,0
1435,2026-03-27,09:20:58,409.21515,0
1436,2026-03-27,09:20:58,407.198837,0
1437,2026-03-27,09:20:58,404.860935,0
1438,2026-03-27,09:20:58,403.451691,0
1439,2026-03-27,09:20:58,401.052362,0
1440,2026-03-27,09:20:58,398.40373,0
1441,2026-03-27,09:20:58,398.002626,0
1442,2026-03-27,09:20:58,394.674639,0
1443,2026-03-27,09:20:58,394.544557,0
1444,2026-03-27,09:20:58,394.324135,0
1445,2026-03-27,09:20:58,395.274479,0
1446,2026-03-27,09:20:58,392.611356,0
1447,2026-03-27,09:20:58,392.6475,0
1448,2026-03-27,09:20:58,390.342143,0
1449,2026-03-27,09:20:58,391.126263,0
1450,2026-03-27,09:20:58,392.098259,0
1451,2026-03-27,09:20:58,394.689096,0
1452,2026-03-27,09:20:58,395.321448,1.065966
1453,2026-03-27,09:20:58,394.77584,2.168065
1454,2026-03-27,09:20:58,392.893205,3.74714
1455,2026-03-27,09:20:58,394.54096,9.250413
1456,2026-03-27,09:20:58,391.76581,20.73032
1457,2026-03-27,09:20:58,397.106479,33.879636
1458,2026-03-27,09:20:58,398.407328,46.403828
1459,2026-03-27,09:20:58,401.988249,61.092471
1460,2026-03-27,09:20:58,410.609937,74.33213
1461,2026-03-27,09:20:58,412.908065,81.45061
1462,2026-03-27,09:20:58,421.573124,87.546485
1463,2026-03-27,09:20:58,423.242531,94.802275
1464,2026-03-27,09:20:58,432.236374,103.344456
1465,2026-03-27,09:20:58,435.745043,115.948144
1466,2026-03-27,09:20:58,441.580755,137.946779
1467,2026-03-27,09:20:58,446.896107,179.656748
1468,2026-03-27,09:20:58,449.396637,224.871755
1469,2026-03-27,09:20:58,452.648706,254.913914
1470,2026-03-27,09:20:58,449.309893,271.58996
1471,2026-03-27,09:20:58,450.036184,281.01742
1472,2026-03-27,09:20:58,447.709141,292.631031
1473,2026-03-27,09:20:58,444.359468,302.553533
1474,2026-03-27,09:20:58,439.611411,315.001847
1475,2026-03-27,09:20:58,437.240997,331.717634
1476,2026-03-27,09:20:58,427.520829,346.655619
1477,2026-03-27,09:20:58,422.494554,361.665855
1478,2026-03-27,09:20:58,415.961432,374.956085
1479,2026-03-27,09:20:58,410.212464,389.695333
1480,2026-03-27,09:20:58,402.35321,406.241264
1481,2026-03-27,09:20:58,395.520185,422.09345
1482,2026-03-27,09:20:58,385.489288,433.782928
1483,2026-03-27,09:20:58,378.84777,444.092077
1484,2026-03-27,09:20:58,361.915192,451.282834
1485,2026-03-27,09:20:58,352.260048,458.368794
1486,2026-03-27,09:20:58,337.275128,463.460126
1487,2026-03-27,09:20:58,326.293853,464.374328
1488,2026-03-27,09:20:58,309.596155,466.260559
1489,2026-03-27,09:20:58,287.355419,466.856769
1490,2026-03-27,09:20:58,266.563652,465.147621
1491,2026-03-27,09:20:58,244.362657,460.992142
1492,2026-03-27,09:20:58,221.619651,460.612758
1493,2026-03-27,09:20:58,199.144053,453.877302
1494,2026-03-27,09:20:58,173.503061,449.067785
1495,2026-03-27,09:20:58,157.621978,440.363019
1496,2026-03-27,09:20:58,140.700226,434.614017
1497,2026-03-27,09:20:58,123.066624,430.209235
1498,2026-03-27,09:20:58,103.322779,425.320236
1499,2026-03-27,09:20:58,88.637745,418.465559
1500,2026-03-27,09:20:58,71.759357,413.283886
1501,2026-03-27,09:20:58,59.502558,407.813135
1502,2026-03-27,09:20:58,46.259289,402.03885
1503,2026-03-27,09:20:58,37.713498,399.838257
1504,2026-03-27,09:20:58,31.245438,397.709951
1505,2026-03-27,09:20:58,25.333845,395.606929
1506,2026-03-27,09:20:58,14.049064,392.676414
1507,2026-03-27,09:20:58,4.762517,390.8155
1508,2026-03-27,09:20:58,2.55109,389.290632
1509,2026-03-27,09:20:58,2.175292,390.074718
1510,2026-03-27,09:20:58,1.987393,392.936577
1511,2026-03-27,09:20:58,1.987393,392.943806
1512,2026-03-27,09:20:58,2.189746,392.79567
1513,2026-03-27,09:20:58,2.189746,395.281708
1514,2026-03-27,09:20:58,2.189746,399.202273
1515,2026-03-27,09:20:58,1.185209,399.350443
1516,2026-03-27,09:20:58,1.185209,405.298182
1517,2026-03-27,09:20:58,1.185209,411.162774
1518,2026-03-27,09:20:58,1.185209,416.01563
1519,2026-03-27,09:20:58,1.387562,421.757403
1520,2026-03-27,09:20:58,1.387562,427.394378
1521,2026-03-27,09:20:58,1.387562,432.16049
1522,2026-03-27,09:20:58,1.387562,436.026892
1523,2026-03-27,09:20:58,1.387562,439.875205
1524,2026-03-27,09:20:58,1.387562,442.487728
1525,2026-03-27,09:20:58,1.185209,444.196875
1526,2026-03-27,09:20:58,1.185209,448.522176
1527,2026-03-27,09:20:58,1.185209,452.142838
1528,2026-03-27,09:20:58,1.185209,455.756271
1529,2026-03-27,09:20:58,1.185209,459.438394
1530,2026-03-27,09:20:58,1.185209,461.357103
1531,2026-03-27,09:20:58,1.185209,461.093343
1532,2026-03-27,09:20:58,0.982856,457.385938
1533,2026-03-27,09:20:58,0.982856,452.710133
1534,2026-03-27,09:20:58,0.982856,452.07778
1535,2026-03-27,09:20:58,0.982856,448.439063
1536,2026-03-27,09:20:58,0.982856,448.146355
1537,2026-03-27,09:20:58,0.982856,446.151761
1538,2026-03-27,09:20:58,0.982856,447.929564
1539,2026-03-27,09:20:58,0.982856,448.446292
1540,2026-03-27,09:20:58,0.982856,449.1473
1541,2026-03-27,09:20:58,0.982856,449.671257
1542,2026-03-27,09:20:58,1.185209,447.878963
1543,2026-03-27,09:20:58,1.185209,451.720048
1544,2026-03-27,09:20:58,1.185209,454.144694
1545,2026-03-27,09:20:58,1.185209,455.185345
1546,2026-03-27,09:20:58,1.185209,457.747301
1547,2026-03-27,09:20:58,1.185209,456.348883
1548,2026-03-27,09:20:58,1.185209,458.39048
1549,2026-03-27,09:20:58,1.185209,456.3236
1550,2026-03-27,09:20:58,1.185209,453.028125
1551,2026-03-27,09:20:58,0.982856,450.180723
1552,2026-03-27,09:20:58,0.982856,444.45344
1553,2026-03-27,09:20:58,0.982856,441.396442
1554,2026-03-27,09:20:58,0.982856,436.959148
1555,2026-03-27,09:20:58,0,434.939237
1556,2026-03-27,09:20:58,0,435.119919
1557,2026-03-27,09:20:58,0,433.233688
1558,2026-03-27,09:20:58,0,435.799241
1559,2026-03-27,09:20:58,0,437.840837
1560,2026-03-27,09:20:58,0,439.188655
1561,2026-03-27,09:20:59,0,439.354879
1562,2026-03-27,09:20:59,0,439.914946
1563,2026-03-27,09:20:59,0,440.059484
1564,2026-03-27,09:20:59,0,436.341253
1565,2026-03-27,09:20:59,0,430.14058
1566,2026-03-27,09:20:59,0,424.962538
1567,2026-03-27,09:20:59,0,416.817838
1568,2026-03-27,09:20:59,0,405.10664
1569,2026-03-27,09:20:59,0,390.826326
1570,2026-03-27,09:20:59,0,381.97339
1571,2026-03-27,09:20:59,0,369.922582
1572,2026-03-27,09:20:59,0,355.197791
1573,2026-03-27,09:20:59,0,341.723248
1574,2026-03-27,09:20:59,0,325.195372
1575,2026-03-27,09:20:59,0,308.981857
1576,2026-03-27,09:20:59,0,290.466582
1577,2026-03-27,09:20:59,0,272.153658
1578,2026-03-27,09:20:59,0,249.87678
1579,2026-03-27,09:20:59,0,224.340586
1580,2026-03-27,09:20:59,0,200.246148
1581,2026-03-27,09:20:59,0,175.298935
1582,2026-03-27,09:20:59,0,148.732916
1583,2026-03-27,09:20:59,0,123.388222
1584,2026-03-27,09:20:59,0,95.41295
1585,2026-03-27,09:20:59,0,70.252548
1586,2026-03-27,09:20:59,0,44.311644
1587,2026-03-27,09:20:59,5.257559,24.267881
1588,2026-03-27,09:20:59,9.821337,12.339906
1589,2026-03-27,09:20:59,15.100577,6.702936
1590,2026-03-27,09:20:59,21.416875,4.075963
1591,2026-03-27,09:20:59,29.623003,3.689325
1592,2026-03-27,09:20:59,43.256523,3.689325
1593,2026-03-27,09:20:59,57.656088,2.86546
1594,2026-03-27,09:20:59,73.446835,2.518569
1595,2026-03-27,09:20:59,86.303457,2.518569
1596,2026-03-27,09:20:59,102.112271,2.370418
1597,2026-03-27,09:20:59,119.315872,2.370418
1598,2026-03-27,09:20:59,141.032658,2.370418
1599,2026-03-27,09:20:59,156.162151,2.171679
1600,2026-03-27,09:20:59,168.28163,1.131008
1601,2026-03-27,09:20:59,193.919008,1.131008
1602,2026-03-27,09:20:59,232.687636,0.932268
1603,2026-03-27,09:20:59,274.061541,0.932268
1604,2026-03-27,09:20:59,317.014529,0.932268
1605,2026-03-27,09:20:59,357.49955,0.932268
1606,2026-03-27,09:20:59,396.481355,0.932268
1607,2026-03-27,09:20:59,423.368981,0
1608,2026-03-27,09:20:59,437.161516,0
1609,2026-03-27,09:20:59,441.725294,0
1610,2026-03-27,09:20:59,442.307046,0
1611,2026-03-27,09:20:59,443.311588,0
1612,2026-03-27,09:20:59,447.250242,0
1613,2026-03-27,09:20:59,455.279317,0
1614,2026-03-27,09:20:59,466.314757,0
1615,2026-03-27,09:20:59,477.722386,0
1616,2026-03-27,09:20:59,489.968367,0
1617,2026-03-27,09:20:59,494.882649,0
1618,2026-03-27,09:20:59,499.439198,0
1619,2026-03-27,09:20:59,498.850184,0
1620,2026-03-27,09:20:59,495.09944,0
1621,2026-03-27,09:20:59,488.952965,0
1622,2026-03-27,09:20:59,479.196688,0
1623,2026-03-27,09:20:59,468.157617,0
1624,2026-03-27,09:20:59,453.884531,0
1625,2026-03-27,09:20:59,441.382018,0
1626,2026-03-27,09:20:59,429.638309,0
1627,2026-03-27,09:20:59,416.149342,0
1628,2026-03-27,09:20:59,409.739073,0
1629,2026-03-27,09:20:59,397.391959,0
1630,2026-03-27,09:20:59,391.032291,0
1631,2026-03-27,09:20:59,385.84702,0